COUNTRY,CITY,LOCATION,PARAMETER
BA,Tuzla,Skver,so2
BA,Tuzla,Skver,no2
BA,Tuzla,Skver,o3
BA,Tuzla,Skver,pm25
BA,Tuzla,Skver,co
BA,Tuzla,Skver,pm10
BA,Tuzla,BKC,so2
BA,Tuzla,BKC,no2
BA,Tuzla,BKC,o3
BA,Tuzla,BKC,pm25
BA,Tuzla,BKC,co
BA,Tuzla,BKC,pm10
BA,Tuzla,Bukinje,so2
BA,Tuzla,Bukinje,no2
BA,Tuzla,Bukinje,o3
BA,Tuzla,Bukinje,pm25
BA,Tuzla,Bukinje,co
BA,Tuzla,Bukinje,pm10
BA,Lukavac,Lukavac,so2
BA,Lukavac,Lukavac,no2
BA,Lukavac,Lukavac,o3
BA,Lukavac,Lukavac,pm25
BA,Lukavac,Lukavac,co
BA,Lukavac,Lukavac,pm10
BA,Živinice,Živinice,so2
BA,Živinice,Živinice,no2
BA,Živinice,Živinice,o3
BA,Živinice,Živinice,pm25
BA,Živinice,Živinice,co
BA,Živinice,Živinice,pm10
CL,Tocopilla,Gobernación,so2
CL,Tocopilla,Gobernación,no2
CL,Tocopilla,Gobernación,o3
CL,Tocopilla,Gobernación,pm25
CL,Tocopilla,Gobernación,co
CL,Tocopilla,Gobernación,pm10
CL,Calama,Chiu Chiu,so2
CL,Calama,Chiu Chiu,no2
CL,Calama,Chiu Chiu,o3
CL,Calama,Chiu Chiu,pm25
CL,Calama,Chiu Chiu,co
CL,Calama,Chiu Chiu,pm10
CL,Tocopilla,Bomberos,so2
CL,Tocopilla,Bomberos,no2
CL,Tocopilla,Bomberos,o3
CL,Tocopilla,Bomberos,pm25
CL,Tocopilla,Bomberos,co
CL,Tocopilla,Bomberos,pm10
CL,Calama,Complejo Deportivo 23 de Marzo,so2
CL,Calama,Complejo Deportivo 23 de Marzo,no2
CL,Calama,Complejo Deportivo 23 de Marzo,o3
CL,Calama,Complejo Deportivo 23 de Marzo,pm25
CL,Calama,Complejo Deportivo 23 de Marzo,co
CL,Calama,Complejo Deportivo 23 de Marzo,pm10
CL,Calama,Colegio Pedro Vergara Keller,so2
CL,Calama,Colegio Pedro Vergara Keller,no2
CL,Calama,Colegio Pedro Vergara Keller,o3
CL,Calama,Colegio Pedro Vergara Keller,pm25
CL,Calama,Colegio Pedro Vergara Keller,co
CL,Calama,Colegio Pedro Vergara Keller,pm10
CL,Calama,Estación Centro,so2
CL,Calama,Estación Centro,no2
CL,Calama,Estación Centro,o3
CL,Calama,Estación Centro,pm25
CL,Calama,Estación Centro,co
CL,Calama,Estación Centro,pm10
CL,Copiapó,Copiapo Sivica,so2
CL,Copiapó,Copiapo Sivica,no2
CL,Copiapó,Copiapo Sivica,o3
CL,Copiapó,Copiapo Sivica,pm25
CL,Copiapó,Copiapo Sivica,co
CL,Copiapó,Copiapo Sivica,pm10
CL,Machalí,Coya Población,so2
CL,Machalí,Coya Población,no2
CL,Machalí,Coya Población,o3
CL,Machalí,Coya Población,pm25
CL,Machalí,Coya Población,co
CL,Machalí,Coya Población,pm10
CL,Machalí,Cauquenes,so2
CL,Machalí,Cauquenes,no2
CL,Machalí,Cauquenes,o3
CL,Machalí,Cauquenes,pm25
CL,Machalí,Cauquenes,co
CL,Machalí,Cauquenes,pm10
CL,Tomé,Liceo Polivalente,so2
CL,Tomé,Liceo Polivalente,no2
CL,Tomé,Liceo Polivalente,o3
CL,Tomé,Liceo Polivalente,pm25
CL,Tomé,Liceo Polivalente,co
CL,Tomé,Liceo Polivalente,pm10
CL,Hualqui,Hualqui,so2
CL,Hualqui,Hualqui,no2
CL,Hualqui,Hualqui,o3
CL,Hualqui,Hualqui,pm25
CL,Hualqui,Hualqui,co
CL,Hualqui,Hualqui,pm10
CL,Chiguayante,Punteras,so2
CL,Chiguayante,Punteras,no2
CL,Chiguayante,Punteras,o3
CL,Chiguayante,Punteras,pm25
CL,Chiguayante,Punteras,co
CL,Chiguayante,Punteras,pm10
CL,Chillán,Puren,so2
CL,Chillán,Puren,no2
CL,Chillán,Puren,o3
CL,Chillán,Puren,pm25
CL,Chillán,Puren,co
CL,Chillán,Puren,pm10
CL,Chaitén,Chaiten Norte,so2
CL,Chaitén,Chaiten Norte,no2
CL,Chaitén,Chaiten Norte,o3
CL,Chaitén,Chaiten Norte,pm25
CL,Chaitén,Chaiten Norte,co
CL,Chaitén,Chaiten Norte,pm10
CL,La Unión,La Union,so2
CL,La Unión,La Union,no2
CL,La Unión,La Union,o3
CL,La Unión,La Union,pm25
CL,La Unión,La Union,co
CL,La Unión,La Union,pm10
CN,Beijing,Beijing US Embassy,so2
CN,Beijing,Beijing US Embassy,no2
CN,Beijing,Beijing US Embassy,o3
CN,Beijing,Beijing US Embassy,pm25
CN,Beijing,Beijing US Embassy,co
CN,Beijing,Beijing US Embassy,pm10
CN,Guangzhou,Guangzhou,so2
CN,Guangzhou,Guangzhou,no2
CN,Guangzhou,Guangzhou,o3
CN,Guangzhou,Guangzhou,pm25
CN,Guangzhou,Guangzhou,co
CN,Guangzhou,Guangzhou,pm10
CN,Shanghai,Shanghai,so2
CN,Shanghai,Shanghai,no2
CN,Shanghai,Shanghai,o3
CN,Shanghai,Shanghai,pm25
CN,Shanghai,Shanghai,co
CN,Shanghai,Shanghai,pm10
CN,Shenyang,Shenyang,so2
CN,Shenyang,Shenyang,no2
CN,Shenyang,Shenyang,o3
CN,Shenyang,Shenyang,pm25
CN,Shenyang,Shenyang,co
CN,Shenyang,Shenyang,pm10
IL,תחנות ניידות,תחנה:1 נווה אילן,so2
IL,תחנות ניידות,תחנה:1 נווה אילן,no2
IL,תחנות ניידות,תחנה:1 נווה אילן,o3
IL,תחנות ניידות,תחנה:1 נווה אילן,pm25
IL,תחנות ניידות,תחנה:1 נווה אילן,co
IL,תחנות ניידות,תחנה:1 נווה אילן,pm10
IL,תחנות ניידות,תחנה:גוש עציון,so2
IL,תחנות ניידות,תחנה:גוש עציון,no2
IL,תחנות ניידות,תחנה:גוש עציון,o3
IL,תחנות ניידות,תחנה:גוש עציון,pm25
IL,תחנות ניידות,תחנה:גוש עציון,co
IL,תחנות ניידות,תחנה:גוש עציון,pm10
IL,תחנות ניידות,תחנה:נאות הכיכר,so2
IL,תחנות ניידות,תחנה:נאות הכיכר,no2
IL,תחנות ניידות,תחנה:נאות הכיכר,o3
IL,תחנות ניידות,תחנה:נאות הכיכר,pm25
IL,תחנות ניידות,תחנה:נאות הכיכר,co
IL,תחנות ניידות,תחנה:נאות הכיכר,pm10
IL,תחנות ניידות,תחנה:ניידת2,so2
IL,תחנות ניידות,תחנה:ניידת2,no2
IL,תחנות ניידות,תחנה:ניידת2,o3
IL,תחנות ניידות,תחנה:ניידת2,pm25
IL,תחנות ניידות,תחנה:ניידת2,co
IL,תחנות ניידות,תחנה:ניידת2,pm10
IL,אילת,תחנה:שדה יואב,so2
IL,אילת,תחנה:שדה יואב,no2
IL,אילת,תחנה:שדה יואב,o3
IL,אילת,תחנה:שדה יואב,pm25
IL,אילת,תחנה:שדה יואב,co
IL,אילת,תחנה:שדה יואב,pm10
IL,צפון הנגב,תחנה:רכבת יוספטל,so2
IL,צפון הנגב,תחנה:רכבת יוספטל,no2
IL,צפון הנגב,תחנה:רכבת יוספטל,o3
IL,צפון הנגב,תחנה:רכבת יוספטל,pm25
IL,צפון הנגב,תחנה:רכבת יוספטל,co
IL,צפון הנגב,תחנה:רכבת יוספטל,pm10
IL,צפון הנגב,תחנה:יד אבנר,so2
IL,צפון הנגב,תחנה:יד אבנר,no2
IL,צפון הנגב,תחנה:יד אבנר,o3
IL,צפון הנגב,תחנה:יד אבנר,pm25
IL,צפון הנגב,תחנה:יד אבנר,co
IL,צפון הנגב,תחנה:יד אבנר,pm10
IL,צפון הנגב,תחנה:רמת השרון,so2
IL,צפון הנגב,תחנה:רמת השרון,no2
IL,צפון הנגב,תחנה:רמת השרון,o3
IL,צפון הנגב,תחנה:רמת השרון,pm25
IL,צפון הנגב,תחנה:רמת השרון,co
IL,צפון הנגב,תחנה:רמת השרון,pm10
IL,צפון הנגב,תחנה:ניידת4,so2
IL,צפון הנגב,תחנה:ניידת4,no2
IL,צפון הנגב,תחנה:ניידת4,o3
IL,צפון הנגב,תחנה:ניידת4,pm25
IL,צפון הנגב,תחנה:ניידת4,co
IL,צפון הנגב,תחנה:ניידת4,pm10
IL,צפון הנגב,תחנה:רחובות,so2
IL,צפון הנגב,תחנה:רחובות,no2
IL,צפון הנגב,תחנה:רחובות,o3
IL,צפון הנגב,תחנה:רחובות,pm25
IL,צפון הנגב,תחנה:רחובות,co
IL,צפון הנגב,תחנה:רחובות,pm10
IL,צפון הנגב,תחנה:רובע ו,so2
IL,צפון הנגב,תחנה:רובע ו,no2
IL,צפון הנגב,תחנה:רובע ו,o3
IL,צפון הנגב,תחנה:רובע ו,pm25
IL,צפון הנגב,תחנה:רובע ו,co
IL,צפון הנגב,תחנה:רובע ו,pm10
IL,צפון הנגב,תחנה:המעפיל,so2
IL,צפון הנגב,תחנה:המעפיל,no2
IL,צפון הנגב,תחנה:המעפיל,o3
IL,צפון הנגב,תחנה:המעפיל,pm25
IL,צפון הנגב,תחנה:המעפיל,co
IL,צפון הנגב,תחנה:המעפיל,pm10
IL,מישור החוף הדרומי,תחנה:נשר,so2
IL,מישור החוף הדרומי,תחנה:נשר,no2
IL,מישור החוף הדרומי,תחנה:נשר,o3
IL,מישור החוף הדרומי,תחנה:נשר,pm25
IL,מישור החוף הדרומי,תחנה:נשר,co
IL,מישור החוף הדרומי,תחנה:נשר,pm10
IL,מישור החוף הדרומי,תחנה:ק.מלאכי,so2
IL,מישור החוף הדרומי,תחנה:ק.מלאכי,no2
IL,מישור החוף הדרומי,תחנה:ק.מלאכי,o3
IL,מישור החוף הדרומי,תחנה:ק.מלאכי,pm25
IL,מישור החוף הדרומי,תחנה:ק.מלאכי,co
IL,מישור החוף הדרומי,תחנה:ק.מלאכי,pm10
IL,מישור החוף הדרומי,תחנה:איינשטין,so2
IL,מישור החוף הדרומי,תחנה:איינשטין,no2
IL,מישור החוף הדרומי,תחנה:איינשטין,o3
IL,מישור החוף הדרומי,תחנה:איינשטין,pm25
IL,מישור החוף הדרומי,תחנה:איינשטין,co
IL,מישור החוף הדרומי,תחנה:איינשטין,pm10
IL,מישור החוף הדרומי,תחנה:ק.גברעם,so2
IL,מישור החוף הדרומי,תחנה:ק.גברעם,no2
IL,מישור החוף הדרומי,תחנה:ק.גברעם,o3
IL,מישור החוף הדרומי,תחנה:ק.גברעם,pm25
IL,מישור החוף הדרומי,תחנה:ק.גברעם,co
IL,מישור החוף הדרומי,תחנה:ק.גברעם,pm10
IL,מישור החוף הדרומי,תחנה:ניר גלים 1,so2
IL,מישור החוף הדרומי,תחנה:ניר גלים 1,no2
IL,מישור החוף הדרומי,תחנה:ניר גלים 1,o3
IL,מישור החוף הדרומי,תחנה:ניר גלים 1,pm25
IL,מישור החוף הדרומי,תחנה:ניר גלים 1,co
IL,מישור החוף הדרומי,תחנה:ניר גלים 1,pm10
IL,מישור החוף הדרומי,תחנה:כרמיה אשק,so2
IL,מישור החוף הדרומי,תחנה:כרמיה אשק,no2
IL,מישור החוף הדרומי,תחנה:כרמיה אשק,o3
IL,מישור החוף הדרומי,תחנה:כרמיה אשק,pm25
IL,מישור החוף הדרומי,תחנה:כרמיה אשק,co
IL,מישור החוף הדרומי,תחנה:כרמיה אשק,pm10
IL,מישור החוף הדרומי,תחנה:מבקיעים,so2
IL,מישור החוף הדרומי,תחנה:מבקיעים,no2
IL,מישור החוף הדרומי,תחנה:מבקיעים,o3
IL,מישור החוף הדרומי,תחנה:מבקיעים,pm25
IL,מישור החוף הדרומי,תחנה:מבקיעים,co
IL,מישור החוף הדרומי,תחנה:מבקיעים,pm10
IL,מישור החוף הדרומי,תחנה:כ.חסידים,so2
IL,מישור החוף הדרומי,תחנה:כ.חסידים,no2
IL,מישור החוף הדרומי,תחנה:כ.חסידים,o3
IL,מישור החוף הדרומי,תחנה:כ.חסידים,pm25
IL,מישור החוף הדרומי,תחנה:כ.חסידים,co
IL,מישור החוף הדרומי,תחנה:כ.חסידים,pm10
IL,מישור החוף הדרומי,תחנה:חבל יבנה,so2
IL,מישור החוף הדרומי,תחנה:חבל יבנה,no2
IL,מישור החוף הדרומי,תחנה:חבל יבנה,o3
IL,מישור החוף הדרומי,תחנה:חבל יבנה,pm25
IL,מישור החוף הדרומי,תחנה:חבל יבנה,co
IL,מישור החוף הדרומי,תחנה:חבל יבנה,pm10
IL,איזור יהודה,תחנה:לוט,so2
IL,איזור יהודה,תחנה:לוט,no2
IL,איזור יהודה,תחנה:לוט,o3
IL,איזור יהודה,תחנה:לוט,pm25
IL,איזור יהודה,תחנה:לוט,co
IL,איזור יהודה,תחנה:לוט,pm10
IL,ירושלים,תחנה:ניידת התחנה המרכזית בירושלים,so2
IL,ירושלים,תחנה:ניידת התחנה המרכזית בירושלים,no2
IL,ירושלים,תחנה:ניידת התחנה המרכזית בירושלים,o3
IL,ירושלים,תחנה:ניידת התחנה המרכזית בירושלים,pm25
IL,ירושלים,תחנה:ניידת התחנה המרכזית בירושלים,co
IL,ירושלים,תחנה:ניידת התחנה המרכזית בירושלים,pm10
IL,ירושלים,תחנה:רוממה,so2
IL,ירושלים,תחנה:רוממה,no2
IL,ירושלים,תחנה:רוממה,o3
IL,ירושלים,תחנה:רוממה,pm25
IL,ירושלים,תחנה:רוממה,co
IL,ירושלים,תחנה:רוממה,pm10
IL,ירושלים,תחנה:שפרינצק,so2
IL,ירושלים,תחנה:שפרינצק,no2
IL,ירושלים,תחנה:שפרינצק,o3
IL,ירושלים,תחנה:שפרינצק,pm25
IL,ירושלים,תחנה:שפרינצק,co
IL,ירושלים,תחנה:שפרינצק,pm10
IL,ירושלים,תחנה:קרית חיים,so2
IL,ירושלים,תחנה:קרית חיים,no2
IL,ירושלים,תחנה:קרית חיים,o3
IL,ירושלים,תחנה:קרית חיים,pm25
IL,ירושלים,תחנה:קרית חיים,co
IL,ירושלים,תחנה:קרית חיים,pm10
IL,ירושלים,תחנה:ק.אתא,so2
IL,ירושלים,תחנה:ק.אתא,no2
IL,ירושלים,תחנה:ק.אתא,o3
IL,ירושלים,תחנה:ק.אתא,pm25
IL,ירושלים,תחנה:ק.אתא,co
IL,ירושלים,תחנה:ק.אתא,pm10
IL,ירושלים,תחנה:כביש 1,so2
IL,ירושלים,תחנה:כביש 1,no2
IL,ירושלים,תחנה:כביש 1,o3
IL,ירושלים,תחנה:כביש 1,pm25
IL,ירושלים,תחנה:כביש 1,co
IL,ירושלים,תחנה:כביש 1,pm10
IL,ירושלים,תחנה:אור יהודה,so2
IL,ירושלים,תחנה:אור יהודה,no2
IL,ירושלים,תחנה:אור יהודה,o3
IL,ירושלים,תחנה:אור יהודה,pm25
IL,ירושלים,תחנה:אור יהודה,co
IL,ירושלים,תחנה:אור יהודה,pm10
IL,גוש דן,תחנה:קציר החדשה,so2
IL,גוש דן,תחנה:קציר החדשה,no2
IL,גוש דן,תחנה:קציר החדשה,o3
IL,גוש דן,תחנה:קציר החדשה,pm25
IL,גוש דן,תחנה:קציר החדשה,co
IL,גוש דן,תחנה:קציר החדשה,pm10
IL,גוש דן,תחנה:אילת 6,so2
IL,גוש דן,תחנה:אילת 6,no2
IL,גוש דן,תחנה:אילת 6,o3
IL,גוש דן,תחנה:אילת 6,pm25
IL,גוש דן,תחנה:אילת 6,co
IL,גוש דן,תחנה:אילת 6,pm10
IL,גוש דן,תחנה:ראשון לציון,so2
IL,גוש דן,תחנה:ראשון לציון,no2
IL,גוש דן,תחנה:ראשון לציון,o3
IL,גוש דן,תחנה:ראשון לציון,pm25
IL,גוש דן,תחנה:ראשון לציון,co
IL,גוש דן,תחנה:ראשון לציון,pm10
IL,גוש דן,תחנה:כ.מהרל,so2
IL,גוש דן,תחנה:כ.מהרל,no2
IL,גוש דן,תחנה:כ.מהרל,o3
IL,גוש דן,תחנה:כ.מהרל,pm25
IL,גוש דן,תחנה:כ.מהרל,co
IL,גוש דן,תחנה:כ.מהרל,pm10
IL,גוש דן,תחנה:דליה,so2
IL,גוש דן,תחנה:דליה,no2
IL,גוש דן,תחנה:דליה,o3
IL,גוש דן,תחנה:דליה,pm25
IL,גוש דן,תחנה:דליה,co
IL,גוש דן,תחנה:דליה,pm10
IL,שפלה פנימית,תחנה:ק.טבעון,so2
IL,שפלה פנימית,תחנה:ק.טבעון,no2
IL,שפלה פנימית,תחנה:ק.טבעון,o3
IL,שפלה פנימית,תחנה:ק.טבעון,pm25
IL,שפלה פנימית,תחנה:ק.טבעון,co
IL,שפלה פנימית,תחנה:ק.טבעון,pm10
IL,שפלה פנימית,תחנה:שדרות,so2
IL,שפלה פנימית,תחנה:שדרות,no2
IL,שפלה פנימית,תחנה:שדרות,o3
IL,שפלה פנימית,תחנה:שדרות,pm25
IL,שפלה פנימית,תחנה:שדרות,co
IL,שפלה פנימית,תחנה:שדרות,pm10
IL,שפלה פנימית,תחנה:עפולה,so2
IL,שפלה פנימית,תחנה:עפולה,no2
IL,שפלה פנימית,תחנה:עפולה,o3
IL,שפלה פנימית,תחנה:עפולה,pm25
IL,שפלה פנימית,תחנה:עפולה,co
IL,שפלה פנימית,תחנה:עפולה,pm10
IL,שפלה פנימית,תחנה:פ.חנה,so2
IL,שפלה פנימית,תחנה:פ.חנה,no2
IL,שפלה פנימית,תחנה:פ.חנה,o3
IL,שפלה פנימית,תחנה:פ.חנה,pm25
IL,שפלה פנימית,תחנה:פ.חנה,co
IL,שפלה פנימית,תחנה:פ.חנה,pm10
IL,שרון,תחנה:שפיה,so2
IL,שרון,תחנה:שפיה,no2
IL,שרון,תחנה:שפיה,o3
IL,שרון,תחנה:שפיה,pm25
IL,שרון,תחנה:שפיה,co
IL,שרון,תחנה:שפיה,pm10
IL,שרון,תחנה:קריית גת,so2
IL,שרון,תחנה:קריית גת,no2
IL,שרון,תחנה:קריית גת,o3
IL,שרון,תחנה:קריית גת,pm25
IL,שרון,תחנה:קריית גת,co
IL,שרון,תחנה:קריית גת,pm10
IL,שרון,תחנה:אילת גולדווטר,so2
IL,שרון,תחנה:אילת גולדווטר,no2
IL,שרון,תחנה:אילת גולדווטר,o3
IL,שרון,תחנה:אילת גולדווטר,pm25
IL,שרון,תחנה:אילת גולדווטר,co
IL,שרון,תחנה:אילת גולדווטר,pm10
IL,שרון,תחנה:עצמאות חיפה,so2
IL,שרון,תחנה:עצמאות חיפה,no2
IL,שרון,תחנה:עצמאות חיפה,o3
IL,שרון,תחנה:עצמאות חיפה,pm25
IL,שרון,תחנה:עצמאות חיפה,co
IL,שרון,תחנה:עצמאות חיפה,pm10
IL,שרון,תחנה:ג.עדה,so2
IL,שרון,תחנה:ג.עדה,no2
IL,שרון,תחנה:ג.עדה,o3
IL,שרון,תחנה:ג.עדה,pm25
IL,שרון,תחנה:ג.עדה,co
IL,שרון,תחנה:ג.עדה,pm10
IL,שרון,תחנה:ברטעה,so2
IL,שרון,תחנה:ברטעה,no2
IL,שרון,תחנה:ברטעה,o3
IL,שרון,תחנה:ברטעה,pm25
IL,שרון,תחנה:ברטעה,co
IL,שרון,תחנה:ברטעה,pm10
IL,שרון,תחנה:נוה יוסף,so2
IL,שרון,תחנה:נוה יוסף,no2
IL,שרון,תחנה:נוה יוסף,o3
IL,שרון,תחנה:נוה יוסף,pm25
IL,שרון,תחנה:נוה יוסף,co
IL,שרון,תחנה:נוה יוסף,pm10
IL,עמק יזרעאל,תחנה:ניידת5,so2
IL,עמק יזרעאל,תחנה:ניידת5,no2
IL,עמק יזרעאל,תחנה:ניידת5,o3
IL,עמק יזרעאל,תחנה:ניידת5,pm25
IL,עמק יזרעאל,תחנה:ניידת5,co
IL,עמק יזרעאל,תחנה:ניידת5,pm10
IL,חיפה וקריות,תחנה:נגב מזרחי,so2
IL,חיפה וקריות,תחנה:נגב מזרחי,no2
IL,חיפה וקריות,תחנה:נגב מזרחי,o3
IL,חיפה וקריות,תחנה:נגב מזרחי,pm25
IL,חיפה וקריות,תחנה:נגב מזרחי,co
IL,חיפה וקריות,תחנה:נגב מזרחי,pm10
IL,חיפה וקריות,תחנה:רכבת ההגנה,so2
IL,חיפה וקריות,תחנה:רכבת ההגנה,no2
IL,חיפה וקריות,תחנה:רכבת ההגנה,o3
IL,חיפה וקריות,תחנה:רכבת ההגנה,pm25
IL,חיפה וקריות,תחנה:רכבת ההגנה,co
IL,חיפה וקריות,תחנה:רכבת ההגנה,pm10
IL,חיפה וקריות,תחנה:אום אל קוטוף,so2
IL,חיפה וקריות,תחנה:אום אל קוטוף,no2
IL,חיפה וקריות,תחנה:אום אל קוטוף,o3
IL,חיפה וקריות,תחנה:אום אל קוטוף,pm25
IL,חיפה וקריות,תחנה:אום אל קוטוף,co
IL,חיפה וקריות,תחנה:אום אל קוטוף,pm10
IN,Gaya,Collectorate - Gaya - BSPCB,so2
IN,Gaya,Collectorate - Gaya - BSPCB,no2
IN,Gaya,Collectorate - Gaya - BSPCB,o3
IN,Gaya,Collectorate - Gaya - BSPCB,pm25
IN,Gaya,Collectorate - Gaya - BSPCB,co
IN,Gaya,Collectorate - Gaya - BSPCB,pm10
IN,Delhi,"NSIT Dwarka, Delhi - CPCB",so2
IN,Delhi,"NSIT Dwarka, Delhi - CPCB",no2
IN,Delhi,"NSIT Dwarka, Delhi - CPCB",o3
IN,Delhi,"NSIT Dwarka, Delhi - CPCB",pm25
IN,Delhi,"NSIT Dwarka, Delhi - CPCB",co
IN,Delhi,"NSIT Dwarka, Delhi - CPCB",pm10
IN,Delhi,"IHBAS, Delhi - CPCB",so2
IN,Delhi,"IHBAS, Delhi - CPCB",no2
IN,Delhi,"IHBAS, Delhi - CPCB",o3
IN,Delhi,"IHBAS, Delhi - CPCB",pm25
IN,Delhi,"IHBAS, Delhi - CPCB",co
IN,Delhi,"IHBAS, Delhi - CPCB",pm10
IN,Bengaluru,"BTM Layout, Bengaluru - KSPCB",so2
IN,Bengaluru,"BTM Layout, Bengaluru - KSPCB",no2
IN,Bengaluru,"BTM Layout, Bengaluru - KSPCB",o3
IN,Bengaluru,"BTM Layout, Bengaluru - KSPCB",pm25
IN,Bengaluru,"BTM Layout, Bengaluru - KSPCB",co
IN,Bengaluru,"BTM Layout, Bengaluru - KSPCB",pm10
IN,Bengaluru,City Railway Station - KSPCB,so2
IN,Bengaluru,City Railway Station - KSPCB,no2
IN,Bengaluru,City Railway Station - KSPCB,o3
IN,Bengaluru,City Railway Station - KSPCB,pm25
IN,Bengaluru,City Railway Station - KSPCB,co
IN,Bengaluru,City Railway Station - KSPCB,pm10
IN,Dewas,"Bhopal Chauraha, Dewas - MPPCB",so2
IN,Dewas,"Bhopal Chauraha, Dewas - MPPCB",no2
IN,Dewas,"Bhopal Chauraha, Dewas - MPPCB",o3
IN,Dewas,"Bhopal Chauraha, Dewas - MPPCB",pm25
IN,Dewas,"Bhopal Chauraha, Dewas - MPPCB",co
IN,Dewas,"Bhopal Chauraha, Dewas - MPPCB",pm10
IN,Mandideep,"Sector-D Industrial Area, Mandideep - MPPCB",so2
IN,Mandideep,"Sector-D Industrial Area, Mandideep - MPPCB",no2
IN,Mandideep,"Sector-D Industrial Area, Mandideep - MPPCB",o3
IN,Mandideep,"Sector-D Industrial Area, Mandideep - MPPCB",pm25
IN,Mandideep,"Sector-D Industrial Area, Mandideep - MPPCB",co
IN,Mandideep,"Sector-D Industrial Area, Mandideep - MPPCB",pm10
IN,Chandrapur,Chandrapur,so2
IN,Chandrapur,Chandrapur,no2
IN,Chandrapur,Chandrapur,o3
IN,Chandrapur,Chandrapur,pm25
IN,Chandrapur,Chandrapur,co
IN,Chandrapur,Chandrapur,pm10
IN,Chandrapur,"MIDC Khutala,Chandrapur - MPCB",so2
IN,Chandrapur,"MIDC Khutala,Chandrapur - MPCB",no2
IN,Chandrapur,"MIDC Khutala,Chandrapur - MPCB",o3
IN,Chandrapur,"MIDC Khutala,Chandrapur - MPCB",pm25
IN,Chandrapur,"MIDC Khutala,Chandrapur - MPCB",co
IN,Chandrapur,"MIDC Khutala,Chandrapur - MPCB",pm10
IN,Solapur,Maharashtra Pollution Control Board - Solapur,so2
IN,Solapur,Maharashtra Pollution Control Board - Solapur,no2
IN,Solapur,Maharashtra Pollution Control Board - Solapur,o3
IN,Solapur,Maharashtra Pollution Control Board - Solapur,pm25
IN,Solapur,Maharashtra Pollution Control Board - Solapur,co
IN,Solapur,Maharashtra Pollution Control Board - Solapur,pm10
IN,Amritsar,"Golden Temple,Amritsar - PPCB",so2
IN,Amritsar,"Golden Temple,Amritsar - PPCB",no2
IN,Amritsar,"Golden Temple,Amritsar - PPCB",o3
IN,Amritsar,"Golden Temple,Amritsar - PPCB",pm25
IN,Amritsar,"Golden Temple,Amritsar - PPCB",co
IN,Amritsar,"Golden Temple,Amritsar - PPCB",pm10
IN,Jaipur,"Adarsh Nagar, Jaipur- RSPCB",so2
IN,Jaipur,"Adarsh Nagar, Jaipur- RSPCB",no2
IN,Jaipur,"Adarsh Nagar, Jaipur- RSPCB",o3
IN,Jaipur,"Adarsh Nagar, Jaipur- RSPCB",pm25
IN,Jaipur,"Adarsh Nagar, Jaipur- RSPCB",co
IN,Jaipur,"Adarsh Nagar, Jaipur- RSPCB",pm10
IN,Jodhpur,Collectorate Jodhpur - RSPCB,so2
IN,Jodhpur,Collectorate Jodhpur - RSPCB,no2
IN,Jodhpur,Collectorate Jodhpur - RSPCB,o3
IN,Jodhpur,Collectorate Jodhpur - RSPCB,pm25
IN,Jodhpur,Collectorate Jodhpur - RSPCB,co
IN,Jodhpur,Collectorate Jodhpur - RSPCB,pm10
IN,Kota,"Shrinath Puram, Kota- RSPCB",so2
IN,Kota,"Shrinath Puram, Kota- RSPCB",no2
IN,Kota,"Shrinath Puram, Kota- RSPCB",o3
IN,Kota,"Shrinath Puram, Kota- RSPCB",pm25
IN,Kota,"Shrinath Puram, Kota- RSPCB",co
IN,Kota,"Shrinath Puram, Kota- RSPCB",pm10
IN,Udaipur,"Ashok Nagar, Udaipur- RSPCB",so2
IN,Udaipur,"Ashok Nagar, Udaipur- RSPCB",no2
IN,Udaipur,"Ashok Nagar, Udaipur- RSPCB",o3
IN,Udaipur,"Ashok Nagar, Udaipur- RSPCB",pm25
IN,Udaipur,"Ashok Nagar, Udaipur- RSPCB",co
IN,Udaipur,"Ashok Nagar, Udaipur- RSPCB",pm10
IN,Chennai,IIT,so2
IN,Chennai,IIT,no2
IN,Chennai,IIT,o3
IN,Chennai,IIT,pm25
IN,Chennai,IIT,co
IN,Chennai,IIT,pm10
IN,Chennai,Manali,so2
IN,Chennai,Manali,no2
IN,Chennai,Manali,o3
IN,Chennai,Manali,pm25
IN,Chennai,Manali,co
IN,Chennai,Manali,pm10
IN,Lucknow,Talkatora District Industries Center,so2
IN,Lucknow,Talkatora District Industries Center,no2
IN,Lucknow,Talkatora District Industries Center,o3
IN,Lucknow,Talkatora District Industries Center,pm25
IN,Lucknow,Talkatora District Industries Center,co
IN,Lucknow,Talkatora District Industries Center,pm10
IN,Lucknow,"Nishant Ganj, Lucknow - UPPCB",so2
IN,Lucknow,"Nishant Ganj, Lucknow - UPPCB",no2
IN,Lucknow,"Nishant Ganj, Lucknow - UPPCB",o3
IN,Lucknow,"Nishant Ganj, Lucknow - UPPCB",pm25
IN,Lucknow,"Nishant Ganj, Lucknow - UPPCB",co
IN,Lucknow,"Nishant Ganj, Lucknow - UPPCB",pm10
IN,Durgapur,"Sidhu Kanhu Indoor Stadium, Durgapur - WBSPCB",so2
IN,Durgapur,"Sidhu Kanhu Indoor Stadium, Durgapur - WBSPCB",no2
IN,Durgapur,"Sidhu Kanhu Indoor Stadium, Durgapur - WBSPCB",o3
IN,Durgapur,"Sidhu Kanhu Indoor Stadium, Durgapur - WBSPCB",pm25
IN,Durgapur,"Sidhu Kanhu Indoor Stadium, Durgapur - WBSPCB",co
IN,Durgapur,"Sidhu Kanhu Indoor Stadium, Durgapur - WBSPCB",pm10
IN,Haldia,Haldia - WBSPCB,so2
IN,Haldia,Haldia - WBSPCB,no2
IN,Haldia,Haldia - WBSPCB,o3
IN,Haldia,Haldia - WBSPCB,pm25
IN,Haldia,Haldia - WBSPCB,co
IN,Haldia,Haldia - WBSPCB,pm10
MN,Ulaanbaatar,Bukhiin urguu,so2
MN,Ulaanbaatar,Bukhiin urguu,no2
MN,Ulaanbaatar,Bukhiin urguu,o3
MN,Ulaanbaatar,Bukhiin urguu,pm25
MN,Ulaanbaatar,Bukhiin urguu,co
MN,Ulaanbaatar,Bukhiin urguu,pm10
MN,Ulaanbaatar,Mongol gazar,so2
MN,Ulaanbaatar,Mongol gazar,no2
MN,Ulaanbaatar,Mongol gazar,o3
MN,Ulaanbaatar,Mongol gazar,pm25
MN,Ulaanbaatar,Mongol gazar,co
MN,Ulaanbaatar,Mongol gazar,pm10
NL,Amsterdam,Amsterdam-Einsteinweg,so2
NL,Amsterdam,Amsterdam-Einsteinweg,no2
NL,Amsterdam,Amsterdam-Einsteinweg,o3
NL,Amsterdam,Amsterdam-Einsteinweg,pm25
NL,Amsterdam,Amsterdam-Einsteinweg,co
NL,Amsterdam,Amsterdam-Einsteinweg,pm10
NL,Amsterdam,Amsterdam-Van Diemenstraat,so2
NL,Amsterdam,Amsterdam-Van Diemenstraat,no2
NL,Amsterdam,Amsterdam-Van Diemenstraat,o3
NL,Amsterdam,Amsterdam-Van Diemenstraat,pm25
NL,Amsterdam,Amsterdam-Van Diemenstraat,co
NL,Amsterdam,Amsterdam-Van Diemenstraat,pm10
NL,Amsterdam,Amsterdam-Vondelpark,so2
NL,Amsterdam,Amsterdam-Vondelpark,no2
NL,Amsterdam,Amsterdam-Vondelpark,o3
NL,Amsterdam,Amsterdam-Vondelpark,pm25
NL,Amsterdam,Amsterdam-Vondelpark,co
NL,Amsterdam,Amsterdam-Vondelpark,pm10
NL,IJmuiden,IJmuiden-Kanaaldijk,so2
NL,IJmuiden,IJmuiden-Kanaaldijk,no2
NL,IJmuiden,IJmuiden-Kanaaldijk,o3
NL,IJmuiden,IJmuiden-Kanaaldijk,pm25
NL,IJmuiden,IJmuiden-Kanaaldijk,co
NL,IJmuiden,IJmuiden-Kanaaldijk,pm10
NL,Wijk aan Zee,Wijk aan Zee-Burgemeester Rothestraat,so2
NL,Wijk aan Zee,Wijk aan Zee-Burgemeester Rothestraat,no2
NL,Wijk aan Zee,Wijk aan Zee-Burgemeester Rothestraat,o3
NL,Wijk aan Zee,Wijk aan Zee-Burgemeester Rothestraat,pm25
NL,Wijk aan Zee,Wijk aan Zee-Burgemeester Rothestraat,co
NL,Wijk aan Zee,Wijk aan Zee-Burgemeester Rothestraat,pm10
NL,Badhoevedorp,Badhoevedorp-Sloterweg,so2
NL,Badhoevedorp,Badhoevedorp-Sloterweg,no2
NL,Badhoevedorp,Badhoevedorp-Sloterweg,o3
NL,Badhoevedorp,Badhoevedorp-Sloterweg,pm25
NL,Badhoevedorp,Badhoevedorp-Sloterweg,co
NL,Badhoevedorp,Badhoevedorp-Sloterweg,pm10
NL,Zegveld,Zegveld-Oude Meije,so2
NL,Zegveld,Zegveld-Oude Meije,no2
NL,Zegveld,Zegveld-Oude Meije,o3
NL,Zegveld,Zegveld-Oude Meije,pm25
NL,Zegveld,Zegveld-Oude Meije,co
NL,Zegveld,Zegveld-Oude Meije,pm10
NL,Cabauw,Cabauw-Wielsekade,so2
NL,Cabauw,Cabauw-Wielsekade,no2
NL,Cabauw,Cabauw-Wielsekade,o3
NL,Cabauw,Cabauw-Wielsekade,pm25
NL,Cabauw,Cabauw-Wielsekade,co
NL,Cabauw,Cabauw-Wielsekade,pm10
NL,Nijmegen,Nijmegen-Graafseweg,so2
NL,Nijmegen,Nijmegen-Graafseweg,no2
NL,Nijmegen,Nijmegen-Graafseweg,o3
NL,Nijmegen,Nijmegen-Graafseweg,pm25
NL,Nijmegen,Nijmegen-Graafseweg,co
NL,Nijmegen,Nijmegen-Graafseweg,pm10
NL,Nijmegen,Nijmegen-Ruyterstraat,so2
NL,Nijmegen,Nijmegen-Ruyterstraat,no2
NL,Nijmegen,Nijmegen-Ruyterstraat,o3
NL,Nijmegen,Nijmegen-Ruyterstraat,pm25
NL,Nijmegen,Nijmegen-Ruyterstraat,co
NL,Nijmegen,Nijmegen-Ruyterstraat,pm10
NL,Hoogvliet,Hoogvliet-Leemkuil,so2
NL,Hoogvliet,Hoogvliet-Leemkuil,no2
NL,Hoogvliet,Hoogvliet-Leemkuil,o3
NL,Hoogvliet,Hoogvliet-Leemkuil,pm25
NL,Hoogvliet,Hoogvliet-Leemkuil,co
NL,Hoogvliet,Hoogvliet-Leemkuil,pm10
NL,Rotterdam Zuid,Rotterdam Zuid-Zwartewaalstraat,so2
NL,Rotterdam Zuid,Rotterdam Zuid-Zwartewaalstraat,no2
NL,Rotterdam Zuid,Rotterdam Zuid-Zwartewaalstraat,o3
NL,Rotterdam Zuid,Rotterdam Zuid-Zwartewaalstraat,pm25
NL,Rotterdam Zuid,Rotterdam Zuid-Zwartewaalstraat,co
NL,Rotterdam Zuid,Rotterdam Zuid-Zwartewaalstraat,pm10
NL,Ridderkerk,Ridderkerk-Hogeweg,so2
NL,Ridderkerk,Ridderkerk-Hogeweg,no2
NL,Ridderkerk,Ridderkerk-Hogeweg,o3
NL,Ridderkerk,Ridderkerk-Hogeweg,pm25
NL,Ridderkerk,Ridderkerk-Hogeweg,co
NL,Ridderkerk,Ridderkerk-Hogeweg,pm10
NL,Rotterdam,Rotterdam-Oost Sidelinge A13,so2
NL,Rotterdam,Rotterdam-Oost Sidelinge A13,no2
NL,Rotterdam,Rotterdam-Oost Sidelinge A13,o3
NL,Rotterdam,Rotterdam-Oost Sidelinge A13,pm25
NL,Rotterdam,Rotterdam-Oost Sidelinge A13,co
NL,Rotterdam,Rotterdam-Oost Sidelinge A13,pm10
NL,Rotterdam Noord ,Rotterdam Noord -Statenweg,so2
NL,Rotterdam Noord ,Rotterdam Noord -Statenweg,no2
NL,Rotterdam Noord ,Rotterdam Noord -Statenweg,o3
NL,Rotterdam Noord ,Rotterdam Noord -Statenweg,pm25
NL,Rotterdam Noord ,Rotterdam Noord -Statenweg,co
NL,Rotterdam Noord ,Rotterdam Noord -Statenweg,pm10
NL,Schiedam,Schiedam-Alphons Arienstraat,so2
NL,Schiedam,Schiedam-Alphons Arienstraat,no2
NL,Schiedam,Schiedam-Alphons Arienstraat,o3
NL,Schiedam,Schiedam-Alphons Arienstraat,pm25
NL,Schiedam,Schiedam-Alphons Arienstraat,co
NL,Schiedam,Schiedam-Alphons Arienstraat,pm10
NL,Maassluis,Maassluis-Kwartellaan,so2
NL,Maassluis,Maassluis-Kwartellaan,no2
NL,Maassluis,Maassluis-Kwartellaan,o3
NL,Maassluis,Maassluis-Kwartellaan,pm25
NL,Maassluis,Maassluis-Kwartellaan,co
NL,Maassluis,Maassluis-Kwartellaan,pm10
NL,Hoek v. Holland,Hoek v. Holland-Berghaven,so2
NL,Hoek v. Holland,Hoek v. Holland-Berghaven,no2
NL,Hoek v. Holland,Hoek v. Holland-Berghaven,o3
NL,Hoek v. Holland,Hoek v. Holland-Berghaven,pm25
NL,Hoek v. Holland,Hoek v. Holland-Berghaven,co
NL,Hoek v. Holland,Hoek v. Holland-Berghaven,pm10
NL,Amsterdam,Amsterdam-Haarlemmerweg,so2
NL,Amsterdam,Amsterdam-Haarlemmerweg,no2
NL,Amsterdam,Amsterdam-Haarlemmerweg,o3
NL,Amsterdam,Amsterdam-Haarlemmerweg,pm25
NL,Amsterdam,Amsterdam-Haarlemmerweg,co
NL,Amsterdam,Amsterdam-Haarlemmerweg,pm10
NL,Amsterdam,Amsterdam-Nieuwendammerdijk,so2
NL,Amsterdam,Amsterdam-Nieuwendammerdijk,no2
NL,Amsterdam,Amsterdam-Nieuwendammerdijk,o3
NL,Amsterdam,Amsterdam-Nieuwendammerdijk,pm25
NL,Amsterdam,Amsterdam-Nieuwendammerdijk,co
NL,Amsterdam,Amsterdam-Nieuwendammerdijk,pm10
NL,Amsterdam,Amsterdam-Stadhouderskade,so2
NL,Amsterdam,Amsterdam-Stadhouderskade,no2
NL,Amsterdam,Amsterdam-Stadhouderskade,o3
NL,Amsterdam,Amsterdam-Stadhouderskade,pm25
NL,Amsterdam,Amsterdam-Stadhouderskade,co
NL,Amsterdam,Amsterdam-Stadhouderskade,pm10
NL,Amsterdam,Amsterdam-Oude Schans,so2
NL,Amsterdam,Amsterdam-Oude Schans,no2
NL,Amsterdam,Amsterdam-Oude Schans,o3
NL,Amsterdam,Amsterdam-Oude Schans,pm25
NL,Amsterdam,Amsterdam-Oude Schans,co
NL,Amsterdam,Amsterdam-Oude Schans,pm10
NL,Amsterdam,Amsterdam-Jan van Galenstraat,so2
NL,Amsterdam,Amsterdam-Jan van Galenstraat,no2
NL,Amsterdam,Amsterdam-Jan van Galenstraat,o3
NL,Amsterdam,Amsterdam-Jan van Galenstraat,pm25
NL,Amsterdam,Amsterdam-Jan van Galenstraat,co
NL,Amsterdam,Amsterdam-Jan van Galenstraat,pm10
NL,Amsterdam,Amsterdam-Kantershof (Zuid Oost),so2
NL,Amsterdam,Amsterdam-Kantershof (Zuid Oost),no2
NL,Amsterdam,Amsterdam-Kantershof (Zuid Oost),o3
NL,Amsterdam,Amsterdam-Kantershof (Zuid Oost),pm25
NL,Amsterdam,Amsterdam-Kantershof (Zuid Oost),co
NL,Amsterdam,Amsterdam-Kantershof (Zuid Oost),pm10
NL,Amsterdam,Amsterdam-Sportpark Ookmeer (Osdorp),so2
NL,Amsterdam,Amsterdam-Sportpark Ookmeer (Osdorp),no2
NL,Amsterdam,Amsterdam-Sportpark Ookmeer (Osdorp),o3
NL,Amsterdam,Amsterdam-Sportpark Ookmeer (Osdorp),pm25
NL,Amsterdam,Amsterdam-Sportpark Ookmeer (Osdorp),co
NL,Amsterdam,Amsterdam-Sportpark Ookmeer (Osdorp),pm10
NL,Zaandam,Zaandam-Wagenschotpad,so2
NL,Zaandam,Zaandam-Wagenschotpad,no2
NL,Zaandam,Zaandam-Wagenschotpad,o3
NL,Zaandam,Zaandam-Wagenschotpad,pm25
NL,Zaandam,Zaandam-Wagenschotpad,co
NL,Zaandam,Zaandam-Wagenschotpad,pm10
NL,Amsterdam,Amsterdam-Spaarnwoude,so2
NL,Amsterdam,Amsterdam-Spaarnwoude,no2
NL,Amsterdam,Amsterdam-Spaarnwoude,o3
NL,Amsterdam,Amsterdam-Spaarnwoude,pm25
NL,Amsterdam,Amsterdam-Spaarnwoude,co
NL,Amsterdam,Amsterdam-Spaarnwoude,pm10
NL,Amsterdam,Amsterdam-Hoogtij,so2
NL,Amsterdam,Amsterdam-Hoogtij,no2
NL,Amsterdam,Amsterdam-Hoogtij,o3
NL,Amsterdam,Amsterdam-Hoogtij,pm25
NL,Amsterdam,Amsterdam-Hoogtij,co
NL,Amsterdam,Amsterdam-Hoogtij,pm10
NL,Hilversum,Hilversum-J. Gerardtsweg,so2
NL,Hilversum,Hilversum-J. Gerardtsweg,no2
NL,Hilversum,Hilversum-J. Gerardtsweg,o3
NL,Hilversum,Hilversum-J. Gerardtsweg,pm25
NL,Hilversum,Hilversum-J. Gerardtsweg,co
NL,Hilversum,Hilversum-J. Gerardtsweg,pm10
NL,Laren,Laren-Jagerspad,so2
NL,Laren,Laren-Jagerspad,no2
NL,Laren,Laren-Jagerspad,o3
NL,Laren,Laren-Jagerspad,pm25
NL,Laren,Laren-Jagerspad,co
NL,Laren,Laren-Jagerspad,pm10
NL,Veldhoven,Veldhoven-Europalaan,so2
NL,Veldhoven,Veldhoven-Europalaan,no2
NL,Veldhoven,Veldhoven-Europalaan,o3
NL,Veldhoven,Veldhoven-Europalaan,pm25
NL,Veldhoven,Veldhoven-Europalaan,co
NL,Veldhoven,Veldhoven-Europalaan,pm10
NL,Geleen,Geleen-Vouershof,so2
NL,Geleen,Geleen-Vouershof,no2
NL,Geleen,Geleen-Vouershof,o3
NL,Geleen,Geleen-Vouershof,pm25
NL,Geleen,Geleen-Vouershof,co
NL,Geleen,Geleen-Vouershof,pm10
NL,Geleen,Geleen-Asterstraat,so2
NL,Geleen,Geleen-Asterstraat,no2
NL,Geleen,Geleen-Asterstraat,o3
NL,Geleen,Geleen-Asterstraat,pm25
NL,Geleen,Geleen-Asterstraat,co
NL,Geleen,Geleen-Asterstraat,pm10
NL,Maastricht,Maastricht-A2 Nassaulaan,so2
NL,Maastricht,Maastricht-A2 Nassaulaan,no2
NL,Maastricht,Maastricht-A2 Nassaulaan,o3
NL,Maastricht,Maastricht-A2 Nassaulaan,pm25
NL,Maastricht,Maastricht-A2 Nassaulaan,co
NL,Maastricht,Maastricht-A2 Nassaulaan,pm10
NL,Fijnaart,Fijnaart-Zwingelspaansedijk,so2
NL,Fijnaart,Fijnaart-Zwingelspaansedijk,no2
NL,Fijnaart,Fijnaart-Zwingelspaansedijk,o3
NL,Fijnaart,Fijnaart-Zwingelspaansedijk,pm25
NL,Fijnaart,Fijnaart-Zwingelspaansedijk,co
NL,Fijnaart,Fijnaart-Zwingelspaansedijk,pm10
NL,Zaanstad,Zaanstad-Hemkade,so2
NL,Zaanstad,Zaanstad-Hemkade,no2
NL,Zaanstad,Zaanstad-Hemkade,o3
NL,Zaanstad,Zaanstad-Hemkade,pm25
NL,Zaanstad,Zaanstad-Hemkade,co
NL,Zaanstad,Zaanstad-Hemkade,pm10
NL,Hoofddorp,Hoofddorp-Hoofdweg,so2
NL,Hoofddorp,Hoofddorp-Hoofdweg,no2
NL,Hoofddorp,Hoofddorp-Hoofdweg,o3
NL,Hoofddorp,Hoofddorp-Hoofdweg,pm25
NL,Hoofddorp,Hoofddorp-Hoofdweg,co
NL,Hoofddorp,Hoofddorp-Hoofdweg,pm10
NL,Oude Meer,Oude Meer-Aalsmeerderdijk,so2
NL,Oude Meer,Oude Meer-Aalsmeerderdijk,no2
NL,Oude Meer,Oude Meer-Aalsmeerderdijk,o3
NL,Oude Meer,Oude Meer-Aalsmeerderdijk,pm25
NL,Oude Meer,Oude Meer-Aalsmeerderdijk,co
NL,Oude Meer,Oude Meer-Aalsmeerderdijk,pm10
NL,Arnhem,Arnhem-Pleijroute Velperbroek,so2
NL,Arnhem,Arnhem-Pleijroute Velperbroek,no2
NL,Arnhem,Arnhem-Pleijroute Velperbroek,o3
NL,Arnhem,Arnhem-Pleijroute Velperbroek,pm25
NL,Arnhem,Arnhem-Pleijroute Velperbroek,co
NL,Arnhem,Arnhem-Pleijroute Velperbroek,pm10
NL,Posterholt,Posterholt-Vlodropperweg,so2
NL,Posterholt,Posterholt-Vlodropperweg,no2
NL,Posterholt,Posterholt-Vlodropperweg,o3
NL,Posterholt,Posterholt-Vlodropperweg,pm25
NL,Posterholt,Posterholt-Vlodropperweg,co
NL,Posterholt,Posterholt-Vlodropperweg,pm10
NL,Vredepeel,Vredepeel-Vredeweg,so2
NL,Vredepeel,Vredepeel-Vredeweg,no2
NL,Vredepeel,Vredepeel-Vredeweg,o3
NL,Vredepeel,Vredepeel-Vredeweg,pm25
NL,Vredepeel,Vredepeel-Vredeweg,co
NL,Vredepeel,Vredepeel-Vredeweg,pm10
NL,Wijnandsrade,Wijnandsrade-Opfergeltstraat,so2
NL,Wijnandsrade,Wijnandsrade-Opfergeltstraat,no2
NL,Wijnandsrade,Wijnandsrade-Opfergeltstraat,o3
NL,Wijnandsrade,Wijnandsrade-Opfergeltstraat,pm25
NL,Wijnandsrade,Wijnandsrade-Opfergeltstraat,co
NL,Wijnandsrade,Wijnandsrade-Opfergeltstraat,pm10
NL,Heerlen,Heerlen-Looierstraat,so2
NL,Heerlen,Heerlen-Looierstraat,no2
NL,Heerlen,Heerlen-Looierstraat,o3
NL,Heerlen,Heerlen-Looierstraat,pm25
NL,Heerlen,Heerlen-Looierstraat,co
NL,Heerlen,Heerlen-Looierstraat,pm10
NL,Heerlen,Heerlen-Jamboreepad,so2
NL,Heerlen,Heerlen-Jamboreepad,no2
NL,Heerlen,Heerlen-Jamboreepad,o3
NL,Heerlen,Heerlen-Jamboreepad,pm25
NL,Heerlen,Heerlen-Jamboreepad,co
NL,Heerlen,Heerlen-Jamboreepad,pm10
NL,Biest Houtakker,Biest Houtakker-Biestsestraat,so2
NL,Biest Houtakker,Biest Houtakker-Biestsestraat,no2
NL,Biest Houtakker,Biest Houtakker-Biestsestraat,o3
NL,Biest Houtakker,Biest Houtakker-Biestsestraat,pm25
NL,Biest Houtakker,Biest Houtakker-Biestsestraat,co
NL,Biest Houtakker,Biest Houtakker-Biestsestraat,pm10
NL,Huijbergen,Huijbergen-Vennekenstraat,so2
NL,Huijbergen,Huijbergen-Vennekenstraat,no2
NL,Huijbergen,Huijbergen-Vennekenstraat,o3
NL,Huijbergen,Huijbergen-Vennekenstraat,pm25
NL,Huijbergen,Huijbergen-Vennekenstraat,co
NL,Huijbergen,Huijbergen-Vennekenstraat,pm10
NL,Eindhoven,Eindhoven-Genovevalaan,so2
NL,Eindhoven,Eindhoven-Genovevalaan,no2
NL,Eindhoven,Eindhoven-Genovevalaan,o3
NL,Eindhoven,Eindhoven-Genovevalaan,pm25
NL,Eindhoven,Eindhoven-Genovevalaan,co
NL,Eindhoven,Eindhoven-Genovevalaan,pm10
NL,Eindhoven,Eindhoven-Noordbrabantlaan,so2
NL,Eindhoven,Eindhoven-Noordbrabantlaan,no2
NL,Eindhoven,Eindhoven-Noordbrabantlaan,o3
NL,Eindhoven,Eindhoven-Noordbrabantlaan,pm25
NL,Eindhoven,Eindhoven-Noordbrabantlaan,co
NL,Eindhoven,Eindhoven-Noordbrabantlaan,pm10
NL,Breda,Breda-Tilburgseweg,so2
NL,Breda,Breda-Tilburgseweg,no2
NL,Breda,Breda-Tilburgseweg,o3
NL,Breda,Breda-Tilburgseweg,pm25
NL,Breda,Breda-Tilburgseweg,co
NL,Breda,Breda-Tilburgseweg,pm10
NL,Breda,Breda-Bastenakenstraat,so2
NL,Breda,Breda-Bastenakenstraat,no2
NL,Breda,Breda-Bastenakenstraat,o3
NL,Breda,Breda-Bastenakenstraat,pm25
NL,Breda,Breda-Bastenakenstraat,co
NL,Breda,Breda-Bastenakenstraat,pm10
NL,Zierikzee,Zierikzee-Lange Slikweg,so2
NL,Zierikzee,Zierikzee-Lange Slikweg,no2
NL,Zierikzee,Zierikzee-Lange Slikweg,o3
NL,Zierikzee,Zierikzee-Lange Slikweg,pm25
NL,Zierikzee,Zierikzee-Lange Slikweg,co
NL,Zierikzee,Zierikzee-Lange Slikweg,pm10
NL,Philippine,Philippine-Stelleweg,so2
NL,Philippine,Philippine-Stelleweg,no2
NL,Philippine,Philippine-Stelleweg,o3
NL,Philippine,Philippine-Stelleweg,pm25
NL,Philippine,Philippine-Stelleweg,co
NL,Philippine,Philippine-Stelleweg,pm10
NL,Den Haag,Den Haag-Rebecquestraat,so2
NL,Den Haag,Den Haag-Rebecquestraat,no2
NL,Den Haag,Den Haag-Rebecquestraat,o3
NL,Den Haag,Den Haag-Rebecquestraat,pm25
NL,Den Haag,Den Haag-Rebecquestraat,co
NL,Den Haag,Den Haag-Rebecquestraat,pm10
NL,Rotterdam,Rotterdam-Schiedamsevest,so2
NL,Rotterdam,Rotterdam-Schiedamsevest,no2
NL,Rotterdam,Rotterdam-Schiedamsevest,o3
NL,Rotterdam,Rotterdam-Schiedamsevest,pm25
NL,Rotterdam,Rotterdam-Schiedamsevest,co
NL,Rotterdam,Rotterdam-Schiedamsevest,pm10
NL,Vlaardingen,Vlaardingen-Floreslaan,so2
NL,Vlaardingen,Vlaardingen-Floreslaan,no2
NL,Vlaardingen,Vlaardingen-Floreslaan,o3
NL,Vlaardingen,Vlaardingen-Floreslaan,pm25
NL,Vlaardingen,Vlaardingen-Floreslaan,co
NL,Vlaardingen,Vlaardingen-Floreslaan,pm10
NL,Westmaas,Westmaas-Groeneweg,so2
NL,Westmaas,Westmaas-Groeneweg,no2
NL,Westmaas,Westmaas-Groeneweg,o3
NL,Westmaas,Westmaas-Groeneweg,pm25
NL,Westmaas,Westmaas-Groeneweg,co
NL,Westmaas,Westmaas-Groeneweg,pm10
NL,Dordrecht,Dordrecht-Bamendaweg,so2
NL,Dordrecht,Dordrecht-Bamendaweg,no2
NL,Dordrecht,Dordrecht-Bamendaweg,o3
NL,Dordrecht,Dordrecht-Bamendaweg,pm25
NL,Dordrecht,Dordrecht-Bamendaweg,co
NL,Dordrecht,Dordrecht-Bamendaweg,pm10
NL,De Zilk,De Zilk-Vogelaarsdreef,so2
NL,De Zilk,De Zilk-Vogelaarsdreef,no2
NL,De Zilk,De Zilk-Vogelaarsdreef,o3
NL,De Zilk,De Zilk-Vogelaarsdreef,pm25
NL,De Zilk,De Zilk-Vogelaarsdreef,co
NL,De Zilk,De Zilk-Vogelaarsdreef,pm10
NL,Den Haag,Den Haag-Veerkade,so2
NL,Den Haag,Den Haag-Veerkade,no2
NL,Den Haag,Den Haag-Veerkade,o3
NL,Den Haag,Den Haag-Veerkade,pm25
NL,Den Haag,Den Haag-Veerkade,co
NL,Den Haag,Den Haag-Veerkade,pm10
NL,Den Haag,Den Haag-Bleriotlaan,so2
NL,Den Haag,Den Haag-Bleriotlaan,no2
NL,Den Haag,Den Haag-Bleriotlaan,o3
NL,Den Haag,Den Haag-Bleriotlaan,pm25
NL,Den Haag,Den Haag-Bleriotlaan,co
NL,Den Haag,Den Haag-Bleriotlaan,pm10
NL,Wieringerwerf,Wieringerwerf-Medemblikkerweg,so2
NL,Wieringerwerf,Wieringerwerf-Medemblikkerweg,no2
NL,Wieringerwerf,Wieringerwerf-Medemblikkerweg,o3
NL,Wieringerwerf,Wieringerwerf-Medemblikkerweg,pm25
NL,Wieringerwerf,Wieringerwerf-Medemblikkerweg,co
NL,Wieringerwerf,Wieringerwerf-Medemblikkerweg,pm10
NL,Haarlem,Haarlem-Schipholweg,so2
NL,Haarlem,Haarlem-Schipholweg,no2
NL,Haarlem,Haarlem-Schipholweg,o3
NL,Haarlem,Haarlem-Schipholweg,pm25
NL,Haarlem,Haarlem-Schipholweg,co
NL,Haarlem,Haarlem-Schipholweg,pm10
NL,Biddinghuizen,Biddinghuizen-Kuilweg,so2
NL,Biddinghuizen,Biddinghuizen-Kuilweg,no2
NL,Biddinghuizen,Biddinghuizen-Kuilweg,o3
NL,Biddinghuizen,Biddinghuizen-Kuilweg,pm25
NL,Biddinghuizen,Biddinghuizen-Kuilweg,co
NL,Biddinghuizen,Biddinghuizen-Kuilweg,pm10
NL,Utrecht,Utrecht-de Jongweg,so2
NL,Utrecht,Utrecht-de Jongweg,no2
NL,Utrecht,Utrecht-de Jongweg,o3
NL,Utrecht,Utrecht-de Jongweg,pm25
NL,Utrecht,Utrecht-de Jongweg,co
NL,Utrecht,Utrecht-de Jongweg,pm10
NL,Utrecht,Utrecht-Erzeijstraat,so2
NL,Utrecht,Utrecht-Erzeijstraat,no2
NL,Utrecht,Utrecht-Erzeijstraat,o3
NL,Utrecht,Utrecht-Erzeijstraat,pm25
NL,Utrecht,Utrecht-Erzeijstraat,co
NL,Utrecht,Utrecht-Erzeijstraat,pm10
NL,Breukelen,Breukelen-Snelweg,so2
NL,Breukelen,Breukelen-Snelweg,no2
NL,Breukelen,Breukelen-Snelweg,o3
NL,Breukelen,Breukelen-Snelweg,pm25
NL,Breukelen,Breukelen-Snelweg,co
NL,Breukelen,Breukelen-Snelweg,pm10
NL,Utrecht,Utrecht-Griftpark,so2
NL,Utrecht,Utrecht-Griftpark,no2
NL,Utrecht,Utrecht-Griftpark,o3
NL,Utrecht,Utrecht-Griftpark,pm25
NL,Utrecht,Utrecht-Griftpark,co
NL,Utrecht,Utrecht-Griftpark,pm10
NL,Eibergen,Eibergen-Lintveldseweg,so2
NL,Eibergen,Eibergen-Lintveldseweg,no2
NL,Eibergen,Eibergen-Lintveldseweg,o3
NL,Eibergen,Eibergen-Lintveldseweg,pm25
NL,Eibergen,Eibergen-Lintveldseweg,co
NL,Eibergen,Eibergen-Lintveldseweg,pm10
NL,Wekerom,Wekerom-Riemterdijk,so2
NL,Wekerom,Wekerom-Riemterdijk,no2
NL,Wekerom,Wekerom-Riemterdijk,o3
NL,Wekerom,Wekerom-Riemterdijk,pm25
NL,Wekerom,Wekerom-Riemterdijk,co
NL,Wekerom,Wekerom-Riemterdijk,pm10
NL,Hellendoorn,Hellendoorn-Luttenbergerweg,so2
NL,Hellendoorn,Hellendoorn-Luttenbergerweg,no2
NL,Hellendoorn,Hellendoorn-Luttenbergerweg,o3
NL,Hellendoorn,Hellendoorn-Luttenbergerweg,pm25
NL,Hellendoorn,Hellendoorn-Luttenbergerweg,co
NL,Hellendoorn,Hellendoorn-Luttenbergerweg,pm10
NL,Barsbeek,Barsbeek-De Veenen,so2
NL,Barsbeek,Barsbeek-De Veenen,no2
NL,Barsbeek,Barsbeek-De Veenen,o3
NL,Barsbeek,Barsbeek-De Veenen,pm25
NL,Barsbeek,Barsbeek-De Veenen,co
NL,Barsbeek,Barsbeek-De Veenen,pm10
NL,Balk,Balk-Trophornsterweg,so2
NL,Balk,Balk-Trophornsterweg,no2
NL,Balk,Balk-Trophornsterweg,o3
NL,Balk,Balk-Trophornsterweg,pm25
NL,Balk,Balk-Trophornsterweg,co
NL,Balk,Balk-Trophornsterweg,pm10
NL,Valthermond,Valthermond-Noorderdiep,so2
NL,Valthermond,Valthermond-Noorderdiep,no2
NL,Valthermond,Valthermond-Noorderdiep,o3
NL,Valthermond,Valthermond-Noorderdiep,pm25
NL,Valthermond,Valthermond-Noorderdiep,co
NL,Valthermond,Valthermond-Noorderdiep,pm10
NL,Kollumerwaard,Kollumerwaard-Hooge Zuidwal,so2
NL,Kollumerwaard,Kollumerwaard-Hooge Zuidwal,no2
NL,Kollumerwaard,Kollumerwaard-Hooge Zuidwal,o3
NL,Kollumerwaard,Kollumerwaard-Hooge Zuidwal,pm25
NL,Kollumerwaard,Kollumerwaard-Hooge Zuidwal,co
NL,Kollumerwaard,Kollumerwaard-Hooge Zuidwal,pm10
NL,Groningen,Groningen-Europaweg,so2
NL,Groningen,Groningen-Europaweg,no2
NL,Groningen,Groningen-Europaweg,o3
NL,Groningen,Groningen-Europaweg,pm25
NL,Groningen,Groningen-Europaweg,co
NL,Groningen,Groningen-Europaweg,pm10
NL,Groningen,Groningen-Nijensteinheerd,so2
NL,Groningen,Groningen-Nijensteinheerd,no2
NL,Groningen,Groningen-Nijensteinheerd,o3
NL,Groningen,Groningen-Nijensteinheerd,pm25
NL,Groningen,Groningen-Nijensteinheerd,co
NL,Groningen,Groningen-Nijensteinheerd,pm10
NL,Maastricht,Maastricht-Hoge Fronten,so2
NL,Maastricht,Maastricht-Hoge Fronten,no2
NL,Maastricht,Maastricht-Hoge Fronten,o3
NL,Maastricht,Maastricht-Hoge Fronten,pm25
NL,Maastricht,Maastricht-Hoge Fronten,co
NL,Maastricht,Maastricht-Hoge Fronten,pm10
NL,Rotterdam Zuid,Rotterdam Zuid-Pleinweg,so2
NL,Rotterdam Zuid,Rotterdam Zuid-Pleinweg,no2
NL,Rotterdam Zuid,Rotterdam Zuid-Pleinweg,o3
NL,Rotterdam Zuid,Rotterdam Zuid-Pleinweg,pm25
NL,Rotterdam Zuid,Rotterdam Zuid-Pleinweg,co
NL,Rotterdam Zuid,Rotterdam Zuid-Pleinweg,pm10
NL,Amsterdam,Amsterdam-Westerpark,so2
NL,Amsterdam,Amsterdam-Westerpark,no2
NL,Amsterdam,Amsterdam-Westerpark,o3
NL,Amsterdam,Amsterdam-Westerpark,pm25
NL,Amsterdam,Amsterdam-Westerpark,co
NL,Amsterdam,Amsterdam-Westerpark,pm10
NL,Beverwijk West,Beverwijk West-Creutzberglaan,so2
NL,Beverwijk West,Beverwijk West-Creutzberglaan,no2
NL,Beverwijk West,Beverwijk West-Creutzberglaan,o3
NL,Beverwijk West,Beverwijk West-Creutzberglaan,pm25
NL,Beverwijk West,Beverwijk West-Creutzberglaan,co
NL,Beverwijk West,Beverwijk West-Creutzberglaan,pm10
NL,Velsen,Velsen-Staalstraat,so2
NL,Velsen,Velsen-Staalstraat,no2
NL,Velsen,Velsen-Staalstraat,o3
NL,Velsen,Velsen-Staalstraat,pm25
NL,Velsen,Velsen-Staalstraat,co
NL,Velsen,Velsen-Staalstraat,pm10
NL,Velsen,Velsen-Reijndersweg,so2
NL,Velsen,Velsen-Reijndersweg,no2
NL,Velsen,Velsen-Reijndersweg,o3
NL,Velsen,Velsen-Reijndersweg,pm25
NL,Velsen,Velsen-Reijndersweg,co
NL,Velsen,Velsen-Reijndersweg,pm10
NL,Horst a/d Maas,Horst a/d Maas-Hoogheide,so2
NL,Horst a/d Maas,Horst a/d Maas-Hoogheide,no2
NL,Horst a/d Maas,Horst a/d Maas-Hoogheide,o3
NL,Horst a/d Maas,Horst a/d Maas-Hoogheide,pm25
NL,Horst a/d Maas,Horst a/d Maas-Hoogheide,co
NL,Horst a/d Maas,Horst a/d Maas-Hoogheide,pm10
NL,Maastricht,Maastricht-A2 Kasteel Hillenraadweg,so2
NL,Maastricht,Maastricht-A2 Kasteel Hillenraadweg,no2
NL,Maastricht,Maastricht-A2 Kasteel Hillenraadweg,o3
NL,Maastricht,Maastricht-A2 Kasteel Hillenraadweg,pm25
NL,Maastricht,Maastricht-A2 Kasteel Hillenraadweg,co
NL,Maastricht,Maastricht-A2 Kasteel Hillenraadweg,pm10
NL,Rotterdam,Rotterdam-Bentinckplein,so2
NL,Rotterdam,Rotterdam-Bentinckplein,no2
NL,Rotterdam,Rotterdam-Bentinckplein,o3
NL,Rotterdam,Rotterdam-Bentinckplein,pm25
NL,Rotterdam,Rotterdam-Bentinckplein,co
NL,Rotterdam,Rotterdam-Bentinckplein,pm10
NL,Enschede,Enschede-Winkelhorst,so2
NL,Enschede,Enschede-Winkelhorst,no2
NL,Enschede,Enschede-Winkelhorst,o3
NL,Enschede,Enschede-Winkelhorst,pm25
NL,Enschede,Enschede-Winkelhorst,co
NL,Enschede,Enschede-Winkelhorst,pm10
NL,De Rijp,De Rijp-Oostdijkje,so2
NL,De Rijp,De Rijp-Oostdijkje,no2
NL,De Rijp,De Rijp-Oostdijkje,o3
NL,De Rijp,De Rijp-Oostdijkje,pm25
NL,De Rijp,De Rijp-Oostdijkje,co
NL,De Rijp,De Rijp-Oostdijkje,pm10
NL,Arnhem,Arnhem-Pleijroute GelreDome,so2
NL,Arnhem,Arnhem-Pleijroute GelreDome,no2
NL,Arnhem,Arnhem-Pleijroute GelreDome,o3
NL,Arnhem,Arnhem-Pleijroute GelreDome,pm25
NL,Arnhem,Arnhem-Pleijroute GelreDome,co
NL,Arnhem,Arnhem-Pleijroute GelreDome,pm10
NO,Tromsø,Rambergan,so2
NO,Tromsø,Rambergan,no2
NO,Tromsø,Rambergan,o3
NO,Tromsø,Rambergan,pm25
NO,Tromsø,Rambergan,co
NO,Tromsø,Rambergan,pm10
NO,Lørenskog,Solheim,so2
NO,Lørenskog,Solheim,no2
NO,Lørenskog,Solheim,o3
NO,Lørenskog,Solheim,pm25
NO,Lørenskog,Solheim,co
NO,Lørenskog,Solheim,pm10
NO,Bergen,"Rolland, Åsane",so2
NO,Bergen,"Rolland, Åsane",no2
NO,Bergen,"Rolland, Åsane",o3
NO,Bergen,"Rolland, Åsane",pm25
NO,Bergen,"Rolland, Åsane",co
NO,Bergen,"Rolland, Åsane",pm10
NO,Bærum,Eilif Dues vei,so2
NO,Bærum,Eilif Dues vei,no2
NO,Bærum,Eilif Dues vei,o3
NO,Bærum,Eilif Dues vei,pm25
NO,Bærum,Eilif Dues vei,co
NO,Bærum,Eilif Dues vei,pm10
NO,Gjøvik,"Minnesundvegen, Gjøvik",so2
NO,Gjøvik,"Minnesundvegen, Gjøvik",no2
NO,Gjøvik,"Minnesundvegen, Gjøvik",o3
NO,Gjøvik,"Minnesundvegen, Gjøvik",pm25
NO,Gjøvik,"Minnesundvegen, Gjøvik",co
NO,Gjøvik,"Minnesundvegen, Gjøvik",pm10
NO,Bergen,Klosterhaugen,so2
NO,Bergen,Klosterhaugen,no2
NO,Bergen,Klosterhaugen,o3
NO,Bergen,Klosterhaugen,pm25
NO,Bergen,Klosterhaugen,co
NO,Bergen,Klosterhaugen,pm10
NO,Bergen,Rådal,so2
NO,Bergen,Rådal,no2
NO,Bergen,Rådal,o3
NO,Bergen,Rådal,pm25
NO,Bergen,Rådal,co
NO,Bergen,Rådal,pm10
NO,Elverum,Leiret,so2
NO,Elverum,Leiret,no2
NO,Elverum,Leiret,o3
NO,Elverum,Leiret,pm25
NO,Elverum,Leiret,co
NO,Elverum,Leiret,pm10
NO,Oslo,Breivoll,so2
NO,Oslo,Breivoll,no2
NO,Oslo,Breivoll,o3
NO,Oslo,Breivoll,pm25
NO,Oslo,Breivoll,co
NO,Oslo,Breivoll,pm10
NO,Bergen,Loddefjord,so2
NO,Bergen,Loddefjord,no2
NO,Bergen,Loddefjord,o3
NO,Bergen,Loddefjord,pm25
NO,Bergen,Loddefjord,co
NO,Bergen,Loddefjord,pm10
NO,Fredrikstad,Nygaardsgata,so2
NO,Fredrikstad,Nygaardsgata,no2
NO,Fredrikstad,Nygaardsgata,o3
NO,Fredrikstad,Nygaardsgata,pm25
NO,Fredrikstad,Nygaardsgata,co
NO,Fredrikstad,Nygaardsgata,pm10
NO,Hamar,"Vangsveien, Hamar",so2
NO,Hamar,"Vangsveien, Hamar",no2
NO,Hamar,"Vangsveien, Hamar",o3
NO,Hamar,"Vangsveien, Hamar",pm25
NO,Hamar,"Vangsveien, Hamar",co
NO,Hamar,"Vangsveien, Hamar",pm10
NO,Trondheim,Bakke kirke,so2
NO,Trondheim,Bakke kirke,no2
NO,Trondheim,Bakke kirke,o3
NO,Trondheim,Bakke kirke,pm25
NO,Trondheim,Bakke kirke,co
NO,Trondheim,Bakke kirke,pm10
NO,Zeppelinfjellet,Zeppelinfjellet,so2
NO,Zeppelinfjellet,Zeppelinfjellet,no2
NO,Zeppelinfjellet,Zeppelinfjellet,o3
NO,Zeppelinfjellet,Zeppelinfjellet,pm25
NO,Zeppelinfjellet,Zeppelinfjellet,co
NO,Zeppelinfjellet,Zeppelinfjellet,pm10
NO,Lillehammer,Lillehammer barnehage,so2
NO,Lillehammer,Lillehammer barnehage,no2
NO,Lillehammer,Lillehammer barnehage,o3
NO,Lillehammer,Lillehammer barnehage,pm25
NO,Lillehammer,Lillehammer barnehage,co
NO,Lillehammer,Lillehammer barnehage,pm10
NO,Grenland,Sverresgate ,so2
NO,Grenland,Sverresgate ,no2
NO,Grenland,Sverresgate ,o3
NO,Grenland,Sverresgate ,pm25
NO,Grenland,Sverresgate ,co
NO,Grenland,Sverresgate ,pm10
NO,Stavanger,Våland,so2
NO,Stavanger,Våland,no2
NO,Stavanger,Våland,o3
NO,Stavanger,Våland,pm25
NO,Stavanger,Våland,co
NO,Stavanger,Våland,pm10
NO,Oslo,Bygdøy Alle,so2
NO,Oslo,Bygdøy Alle,no2
NO,Oslo,Bygdøy Alle,o3
NO,Oslo,Bygdøy Alle,pm25
NO,Oslo,Bygdøy Alle,co
NO,Oslo,Bygdøy Alle,pm10
NO,Ålesund,Karl Eriksens plass,so2
NO,Ålesund,Karl Eriksens plass,no2
NO,Ålesund,Karl Eriksens plass,o3
NO,Ålesund,Karl Eriksens plass,pm25
NO,Ålesund,Karl Eriksens plass,co
NO,Ålesund,Karl Eriksens plass,pm10
NO,Grenland,Furulund,so2
NO,Grenland,Furulund,no2
NO,Grenland,Furulund,o3
NO,Grenland,Furulund,pm25
NO,Grenland,Furulund,co
NO,Grenland,Furulund,pm10
NO,Sarpsborg,Alvim,so2
NO,Sarpsborg,Alvim,no2
NO,Sarpsborg,Alvim,o3
NO,Sarpsborg,Alvim,pm25
NO,Sarpsborg,Alvim,co
NO,Sarpsborg,Alvim,pm10
NO,Bærum,Bekkestua,so2
NO,Bærum,Bekkestua,no2
NO,Bærum,Bekkestua,o3
NO,Bærum,Bekkestua,pm25
NO,Bærum,Bekkestua,co
NO,Bærum,Bekkestua,pm10
NO,Lillesand,Holta,so2
NO,Lillesand,Holta,no2
NO,Lillesand,Holta,o3
NO,Lillesand,Holta,pm25
NO,Lillesand,Holta,co
NO,Lillesand,Holta,pm10
NO,Lillestrøm,Vigernes,so2
NO,Lillestrøm,Vigernes,no2
NO,Lillestrøm,Vigernes,o3
NO,Lillestrøm,Vigernes,pm25
NO,Lillestrøm,Vigernes,co
NO,Lillestrøm,Vigernes,pm10
NO,Trondheim,E6-Tiller,so2
NO,Trondheim,E6-Tiller,no2
NO,Trondheim,E6-Tiller,o3
NO,Trondheim,E6-Tiller,pm25
NO,Trondheim,E6-Tiller,co
NO,Trondheim,E6-Tiller,pm10
NO,Oslo,Hjortnes,so2
NO,Oslo,Hjortnes,no2
NO,Oslo,Hjortnes,o3
NO,Oslo,Hjortnes,pm25
NO,Oslo,Hjortnes,co
NO,Oslo,Hjortnes,pm10
NO,Oslo,"Rv 4, Aker sykehus",so2
NO,Oslo,"Rv 4, Aker sykehus",no2
NO,Oslo,"Rv 4, Aker sykehus",o3
NO,Oslo,"Rv 4, Aker sykehus",pm25
NO,Oslo,"Rv 4, Aker sykehus",co
NO,Oslo,"Rv 4, Aker sykehus",pm10
NO,Kristiansand,Gartnerløkka,so2
NO,Kristiansand,Gartnerløkka,no2
NO,Kristiansand,Gartnerløkka,o3
NO,Kristiansand,Gartnerløkka,pm25
NO,Kristiansand,Gartnerløkka,co
NO,Kristiansand,Gartnerløkka,pm10
NO,Oslo,Alnabru,so2
NO,Oslo,Alnabru,no2
NO,Oslo,Alnabru,o3
NO,Oslo,Alnabru,pm25
NO,Oslo,Alnabru,co
NO,Oslo,Alnabru,pm10
NO,Tromsø,Hansjordnesbukta,so2
NO,Tromsø,Hansjordnesbukta,no2
NO,Tromsø,Hansjordnesbukta,o3
NO,Tromsø,Hansjordnesbukta,pm25
NO,Tromsø,Hansjordnesbukta,co
NO,Tromsø,Hansjordnesbukta,pm10
NO,Oslo,Smestad,so2
NO,Oslo,Smestad,no2
NO,Oslo,Smestad,o3
NO,Oslo,Smestad,pm25
NO,Oslo,Smestad,co
NO,Oslo,Smestad,pm10
NO,Sør-Varanger,Svanvik,so2
NO,Sør-Varanger,Svanvik,no2
NO,Sør-Varanger,Svanvik,o3
NO,Sør-Varanger,Svanvik,pm25
NO,Sør-Varanger,Svanvik,co
NO,Sør-Varanger,Svanvik,pm10
NO,Fredrikstad,St.Croix,so2
NO,Fredrikstad,St.Croix,no2
NO,Fredrikstad,St.Croix,o3
NO,Fredrikstad,St.Croix,pm25
NO,Fredrikstad,St.Croix,co
NO,Fredrikstad,St.Croix,pm10
NO,Grenland,Lensmannsdalen,so2
NO,Grenland,Lensmannsdalen,no2
NO,Grenland,Lensmannsdalen,o3
NO,Grenland,Lensmannsdalen,pm25
NO,Grenland,Lensmannsdalen,co
NO,Grenland,Lensmannsdalen,pm10
NO,Hurdal,Hurdal25,so2
NO,Hurdal,Hurdal25,no2
NO,Hurdal,Hurdal25,o3
NO,Hurdal,Hurdal25,pm25
NO,Hurdal,Hurdal25,co
NO,Hurdal,Hurdal25,pm10
NO,Bergen,Rådhuset,so2
NO,Bergen,Rådhuset,no2
NO,Bergen,Rådhuset,o3
NO,Bergen,Rådhuset,pm25
NO,Bergen,Rådhuset,co
NO,Bergen,Rådhuset,pm10
NO,Kårvatn,Kårvatn,so2
NO,Kårvatn,Kårvatn,no2
NO,Kårvatn,Kårvatn,o3
NO,Kårvatn,Kårvatn,pm25
NO,Kårvatn,Kårvatn,co
NO,Kårvatn,Kårvatn,pm10
NO,Oslo,Manglerud,so2
NO,Oslo,Manglerud,no2
NO,Oslo,Manglerud,o3
NO,Oslo,Manglerud,pm25
NO,Oslo,Manglerud,co
NO,Oslo,Manglerud,pm10
NO,Lillehammer,Bankplassen,so2
NO,Lillehammer,Bankplassen,no2
NO,Lillehammer,Bankplassen,o3
NO,Lillehammer,Bankplassen,pm25
NO,Lillehammer,Bankplassen,co
NO,Lillehammer,Bankplassen,pm10
NO,Tustervatn,Tustervatn,so2
NO,Tustervatn,Tustervatn,no2
NO,Tustervatn,Tustervatn,o3
NO,Tustervatn,Tustervatn,pm25
NO,Tustervatn,Tustervatn,co
NO,Tustervatn,Tustervatn,pm10
NO,Bergen,Danmarks plass,so2
NO,Bergen,Danmarks plass,no2
NO,Bergen,Danmarks plass,o3
NO,Bergen,Danmarks plass,pm25
NO,Bergen,Danmarks plass,co
NO,Bergen,Danmarks plass,pm10
NO,Grenland,Haukenes,so2
NO,Grenland,Haukenes,no2
NO,Grenland,Haukenes,o3
NO,Grenland,Haukenes,pm25
NO,Grenland,Haukenes,co
NO,Grenland,Haukenes,pm10
NO,Stavanger,Kannik,so2
NO,Stavanger,Kannik,no2
NO,Stavanger,Kannik,o3
NO,Stavanger,Kannik,pm25
NO,Stavanger,Kannik,co
NO,Stavanger,Kannik,pm10
NO,Sarpsborg,Vollgata,so2
NO,Sarpsborg,Vollgata,no2
NO,Sarpsborg,Vollgata,o3
NO,Sarpsborg,Vollgata,pm25
NO,Sarpsborg,Vollgata,co
NO,Sarpsborg,Vollgata,pm10
NO,Birkenes,Birkenesobservatoriet,so2
NO,Birkenes,Birkenesobservatoriet,no2
NO,Birkenes,Birkenesobservatoriet,o3
NO,Birkenes,Birkenesobservatoriet,pm25
NO,Birkenes,Birkenesobservatoriet,co
NO,Birkenes,Birkenesobservatoriet,pm10
NO,Oslo,Åkebergveien,so2
NO,Oslo,Åkebergveien,no2
NO,Oslo,Åkebergveien,o3
NO,Oslo,Åkebergveien,pm25
NO,Oslo,Åkebergveien,co
NO,Oslo,Åkebergveien,pm10
NO,Sandve,Sandve,so2
NO,Sandve,Sandve,no2
NO,Sandve,Sandve,o3
NO,Sandve,Sandve,pm25
NO,Sandve,Sandve,co
NO,Sandve,Sandve,pm10
NO,Prestebakke,Prestebakke,so2
NO,Prestebakke,Prestebakke,no2
NO,Prestebakke,Prestebakke,o3
NO,Prestebakke,Prestebakke,pm25
NO,Prestebakke,Prestebakke,co
NO,Prestebakke,Prestebakke,pm10
NO,Sør-Varanger,Karpdalen,so2
NO,Sør-Varanger,Karpdalen,no2
NO,Sør-Varanger,Karpdalen,o3
NO,Sør-Varanger,Karpdalen,pm25
NO,Sør-Varanger,Karpdalen,co
NO,Sør-Varanger,Karpdalen,pm10
NO,Bærum,Lommedalen,so2
NO,Bærum,Lommedalen,no2
NO,Bærum,Lommedalen,o3
NO,Bærum,Lommedalen,pm25
NO,Bærum,Lommedalen,co
NO,Bærum,Lommedalen,pm10
NO,Drammen,Bangeløkka,so2
NO,Drammen,Bangeløkka,no2
NO,Drammen,Bangeløkka,o3
NO,Drammen,Bangeløkka,pm25
NO,Drammen,Bangeløkka,co
NO,Drammen,Bangeløkka,pm10
NO,Trondheim,Elgeseter,so2
NO,Trondheim,Elgeseter,no2
NO,Trondheim,Elgeseter,o3
NO,Trondheim,Elgeseter,pm25
NO,Trondheim,Elgeseter,co
NO,Trondheim,Elgeseter,pm10
NO,Moss,Kransen,so2
NO,Moss,Kransen,no2
NO,Moss,Kransen,o3
NO,Moss,Kransen,pm25
NO,Moss,Kransen,co
NO,Moss,Kransen,pm10
NO,Oslo,Skøyen,so2
NO,Oslo,Skøyen,no2
NO,Oslo,Skøyen,o3
NO,Oslo,Skøyen,pm25
NO,Oslo,Skøyen,co
NO,Oslo,Skøyen,pm10
NO,Oslo,Sofienbergparken,so2
NO,Oslo,Sofienbergparken,no2
NO,Oslo,Sofienbergparken,o3
NO,Oslo,Sofienbergparken,pm25
NO,Oslo,Sofienbergparken,co
NO,Oslo,Sofienbergparken,pm10
NO,Narvik,Sentrum,so2
NO,Narvik,Sentrum,no2
NO,Narvik,Sentrum,o3
NO,Narvik,Sentrum,pm25
NO,Narvik,Sentrum,co
NO,Narvik,Sentrum,pm10
NO,Kristiansand,Stener Heyerdahl,so2
NO,Kristiansand,Stener Heyerdahl,no2
NO,Kristiansand,Stener Heyerdahl,o3
NO,Kristiansand,Stener Heyerdahl,pm25
NO,Kristiansand,Stener Heyerdahl,co
NO,Kristiansand,Stener Heyerdahl,pm10
NO,Ålesund,Grimmerhaugen,so2
NO,Ålesund,Grimmerhaugen,no2
NO,Ålesund,Grimmerhaugen,o3
NO,Ålesund,Grimmerhaugen,pm25
NO,Ålesund,Grimmerhaugen,co
NO,Ålesund,Grimmerhaugen,pm10
NP,Kathmandu,US Diplomatic Post: Embassy Kathmandu,so2
NP,Kathmandu,US Diplomatic Post: Embassy Kathmandu,no2
NP,Kathmandu,US Diplomatic Post: Embassy Kathmandu,o3
NP,Kathmandu,US Diplomatic Post: Embassy Kathmandu,pm25
NP,Kathmandu,US Diplomatic Post: Embassy Kathmandu,co
NP,Kathmandu,US Diplomatic Post: Embassy Kathmandu,pm10
SE,Stockholm,Hornsgatan,so2
SE,Stockholm,Hornsgatan,no2
SE,Stockholm,Hornsgatan,o3
SE,Stockholm,Hornsgatan,pm25
SE,Stockholm,Hornsgatan,co
SE,Stockholm,Hornsgatan,pm10
SE,Stockholm,Folkungagatan,so2
SE,Stockholm,Folkungagatan,no2
SE,Stockholm,Folkungagatan,o3
SE,Stockholm,Folkungagatan,pm25
SE,Stockholm,Folkungagatan,co
SE,Stockholm,Folkungagatan,pm10
SE,Stockholm,Norrlandsgatan,so2
SE,Stockholm,Norrlandsgatan,no2
SE,Stockholm,Norrlandsgatan,o3
SE,Stockholm,Norrlandsgatan,pm25
SE,Stockholm,Norrlandsgatan,co
SE,Stockholm,Norrlandsgatan,pm10
SE,Stockholm,Sveavägen,so2
SE,Stockholm,Sveavägen,no2
SE,Stockholm,Sveavägen,o3
SE,Stockholm,Sveavägen,pm25
SE,Stockholm,Sveavägen,co
SE,Stockholm,Sveavägen,pm10
SE,Stockholm,Södertälje Turingegatan,so2
SE,Stockholm,Södertälje Turingegatan,no2
SE,Stockholm,Södertälje Turingegatan,o3
SE,Stockholm,Södertälje Turingegatan,pm25
SE,Stockholm,Södertälje Turingegatan,co
SE,Stockholm,Södertälje Turingegatan,pm10
SE,Uppsala,Uppsala Kungsgatan,so2
SE,Uppsala,Uppsala Kungsgatan,no2
SE,Uppsala,Uppsala Kungsgatan,o3
SE,Uppsala,Uppsala Kungsgatan,pm25
SE,Uppsala,Uppsala Kungsgatan,co
SE,Uppsala,Uppsala Kungsgatan,pm10
SE,Gävle,Gävle Södra Kungsgatan,so2
SE,Gävle,Gävle Södra Kungsgatan,no2
SE,Gävle,Gävle Södra Kungsgatan,o3
SE,Gävle,Gävle Södra Kungsgatan,pm25
SE,Gävle,Gävle Södra Kungsgatan,co
SE,Gävle,Gävle Södra Kungsgatan,pm10
SE,Stockholm,E4/E20 Lilla Essingen,so2
SE,Stockholm,E4/E20 Lilla Essingen,no2
SE,Stockholm,E4/E20 Lilla Essingen,o3
SE,Stockholm,E4/E20 Lilla Essingen,pm25
SE,Stockholm,E4/E20 Lilla Essingen,co
SE,Stockholm,E4/E20 Lilla Essingen,pm10
SE,Stockholm,E4/E20 Gröndal,so2
SE,Stockholm,E4/E20 Gröndal,no2
SE,Stockholm,E4/E20 Gröndal,o3
SE,Stockholm,E4/E20 Gröndal,pm25
SE,Stockholm,E4/E20 Gröndal,co
SE,Stockholm,E4/E20 Gröndal,pm10
SE,Stockholm,E4 Sollentuna Häggvik,so2
SE,Stockholm,E4 Sollentuna Häggvik,no2
SE,Stockholm,E4 Sollentuna Häggvik,o3
SE,Stockholm,E4 Sollentuna Häggvik,pm25
SE,Stockholm,E4 Sollentuna Häggvik,co
SE,Stockholm,E4 Sollentuna Häggvik,pm10
SE,Stockholm,Hågelbyleden Botkyrka,so2
SE,Stockholm,Hågelbyleden Botkyrka,no2
SE,Stockholm,Hågelbyleden Botkyrka,o3
SE,Stockholm,Hågelbyleden Botkyrka,pm25
SE,Stockholm,Hågelbyleden Botkyrka,co
SE,Stockholm,Hågelbyleden Botkyrka,pm10
SE,Stockholm,Lilla Essingen (E4/E20),so2
SE,Stockholm,Lilla Essingen (E4/E20),no2
SE,Stockholm,Lilla Essingen (E4/E20),o3
SE,Stockholm,Lilla Essingen (E4/E20),pm25
SE,Stockholm,Lilla Essingen (E4/E20),co
SE,Stockholm,Lilla Essingen (E4/E20),pm10
SI,Ljubljana Bežigrad,Ljubljana Bežigrad,so2
SI,Ljubljana Bežigrad,Ljubljana Bežigrad,no2
SI,Ljubljana Bežigrad,Ljubljana Bežigrad,o3
SI,Ljubljana Bežigrad,Ljubljana Bežigrad,pm25
SI,Ljubljana Bežigrad,Ljubljana Bežigrad,co
SI,Ljubljana Bežigrad,Ljubljana Bežigrad,pm10
SI,Maribor center,Maribor center,so2
SI,Maribor center,Maribor center,no2
SI,Maribor center,Maribor center,o3
SI,Maribor center,Maribor center,pm25
SI,Maribor center,Maribor center,co
SI,Maribor center,Maribor center,pm10
SI,Celje,Celje,so2
SI,Celje,Celje,no2
SI,Celje,Celje,o3
SI,Celje,Celje,pm25
SI,Celje,Celje,co
SI,Celje,Celje,pm10
SI,Murska Sobota,Murska Sobota,so2
SI,Murska Sobota,Murska Sobota,no2
SI,Murska Sobota,Murska Sobota,o3
SI,Murska Sobota,Murska Sobota,pm25
SI,Murska Sobota,Murska Sobota,co
SI,Murska Sobota,Murska Sobota,pm10
SI,Nova Gorica,Nova Gorica,so2
SI,Nova Gorica,Nova Gorica,no2
SI,Nova Gorica,Nova Gorica,o3
SI,Nova Gorica,Nova Gorica,pm25
SI,Nova Gorica,Nova Gorica,co
SI,Nova Gorica,Nova Gorica,pm10
SI,Koper,Koper,so2
SI,Koper,Koper,no2
SI,Koper,Koper,o3
SI,Koper,Koper,pm25
SI,Koper,Koper,co
SI,Koper,Koper,pm10
SI,Trbovlje,Trbovlje,so2
SI,Trbovlje,Trbovlje,no2
SI,Trbovlje,Trbovlje,o3
SI,Trbovlje,Trbovlje,pm25
SI,Trbovlje,Trbovlje,co
SI,Trbovlje,Trbovlje,pm10
SI,Zagorje,Zagorje,so2
SI,Zagorje,Zagorje,no2
SI,Zagorje,Zagorje,o3
SI,Zagorje,Zagorje,pm25
SI,Zagorje,Zagorje,co
SI,Zagorje,Zagorje,pm10
TH,Bangkok,"Bangna, Bangna",so2
TH,Bangkok,"Bangna, Bangna",no2
TH,Bangkok,"Bangna, Bangna",o3
TH,Bangkok,"Bangna, Bangna",pm25
TH,Bangkok,"Bangna, Bangna",co
TH,Bangkok,"Bangna, Bangna",pm10
TH,Samut Prakan,"Song Khanong, Phra Pradaeng",so2
TH,Samut Prakan,"Song Khanong, Phra Pradaeng",no2
TH,Samut Prakan,"Song Khanong, Phra Pradaeng",o3
TH,Samut Prakan,"Song Khanong, Phra Pradaeng",pm25
TH,Samut Prakan,"Song Khanong, Phra Pradaeng",co
TH,Samut Prakan,"Song Khanong, Phra Pradaeng",pm10
TH,Bangkok,"Chong Nonsi, Yannawa",so2
TH,Bangkok,"Chong Nonsi, Yannawa",no2
TH,Bangkok,"Chong Nonsi, Yannawa",o3
TH,Bangkok,"Chong Nonsi, Yannawa",pm25
TH,Bangkok,"Chong Nonsi, Yannawa",co
TH,Bangkok,"Chong Nonsi, Yannawa",pm10
TH,Samut Prakan,"Bang Prong, Mueang",so2
TH,Samut Prakan,"Bang Prong, Mueang",no2
TH,Samut Prakan,"Bang Prong, Mueang",o3
TH,Samut Prakan,"Bang Prong, Mueang",pm25
TH,Samut Prakan,"Bang Prong, Mueang",co
TH,Samut Prakan,"Bang Prong, Mueang",pm10
TH,Samut Prakan,"Pak Nam, Mueang",so2
TH,Samut Prakan,"Pak Nam, Mueang",no2
TH,Samut Prakan,"Pak Nam, Mueang",o3
TH,Samut Prakan,"Pak Nam, Mueang",pm25
TH,Samut Prakan,"Pak Nam, Mueang",co
TH,Samut Prakan,"Pak Nam, Mueang",pm10
TH,Saraburi,"Na Phra Lan, Chaloem Phra Kiat",so2
TH,Saraburi,"Na Phra Lan, Chaloem Phra Kiat",no2
TH,Saraburi,"Na Phra Lan, Chaloem Phra Kiat",o3
TH,Saraburi,"Na Phra Lan, Chaloem Phra Kiat",pm25
TH,Saraburi,"Na Phra Lan, Chaloem Phra Kiat",co
TH,Saraburi,"Na Phra Lan, Chaloem Phra Kiat",pm10
TH,Ratchaburi,"Na Mueang, Mueang",so2
TH,Ratchaburi,"Na Mueang, Mueang",no2
TH,Ratchaburi,"Na Mueang, Mueang",o3
TH,Ratchaburi,"Na Mueang, Mueang",pm25
TH,Ratchaburi,"Na Mueang, Mueang",co
TH,Ratchaburi,"Na Mueang, Mueang",pm10
TH,Rayong,"Tha Pradu, Mueng",so2
TH,Rayong,"Tha Pradu, Mueng",no2
TH,Rayong,"Tha Pradu, Mueng",o3
TH,Rayong,"Tha Pradu, Mueng",pm25
TH,Rayong,"Tha Pradu, Mueng",co
TH,Rayong,"Tha Pradu, Mueng",pm10
TH,Chiang Mai,"Chang Phueak, Mueang",so2
TH,Chiang Mai,"Chang Phueak, Mueang",no2
TH,Chiang Mai,"Chang Phueak, Mueang",o3
TH,Chiang Mai,"Chang Phueak, Mueang",pm25
TH,Chiang Mai,"Chang Phueak, Mueang",co
TH,Chiang Mai,"Chang Phueak, Mueang",pm10
TH,Lampang,"Sop Pat, Mae Mo",so2
TH,Lampang,"Sop Pat, Mae Mo",no2
TH,Lampang,"Sop Pat, Mae Mo",o3
TH,Lampang,"Sop Pat, Mae Mo",pm25
TH,Lampang,"Sop Pat, Mae Mo",co
TH,Lampang,"Sop Pat, Mae Mo",pm10
TH,Nakhon Sawan,"Pak Nam Pho, Mueang",so2
TH,Nakhon Sawan,"Pak Nam Pho, Mueang",no2
TH,Nakhon Sawan,"Pak Nam Pho, Mueang",o3
TH,Nakhon Sawan,"Pak Nam Pho, Mueang",pm25
TH,Nakhon Sawan,"Pak Nam Pho, Mueang",co
TH,Nakhon Sawan,"Pak Nam Pho, Mueang",pm10
TH,Surat Thani,"Makham Tia, Mueang",so2
TH,Surat Thani,"Makham Tia, Mueang",no2
TH,Surat Thani,"Makham Tia, Mueang",o3
TH,Surat Thani,"Makham Tia, Mueang",pm25
TH,Surat Thani,"Makham Tia, Mueang",co
TH,Surat Thani,"Makham Tia, Mueang",pm10
TH,Khon Kaen,"Nai Mueang, Mueang",so2
TH,Khon Kaen,"Nai Mueang, Mueang",no2
TH,Khon Kaen,"Nai Mueang, Mueang",o3
TH,Khon Kaen,"Nai Mueang, Mueang",pm25
TH,Khon Kaen,"Nai Mueang, Mueang",co
TH,Khon Kaen,"Nai Mueang, Mueang",pm10
TH,Bangkok,"Intarapitak Rd., Thon Buri",so2
TH,Bangkok,"Intarapitak Rd., Thon Buri",no2
TH,Bangkok,"Intarapitak Rd., Thon Buri",o3
TH,Bangkok,"Intarapitak Rd., Thon Buri",pm25
TH,Bangkok,"Intarapitak Rd., Thon Buri",co
TH,Bangkok,"Intarapitak Rd., Thon Buri",pm10
TH,Mae Hong Son,"Chong Kham, Mueang",so2
TH,Mae Hong Son,"Chong Kham, Mueang",no2
TH,Mae Hong Son,"Chong Kham, Mueang",o3
TH,Mae Hong Son,"Chong Kham, Mueang",pm25
TH,Mae Hong Son,"Chong Kham, Mueang",co
TH,Mae Hong Son,"Chong Kham, Mueang",pm10
TH,Bangkok,"Samsen Nai, Khet Phaya Thai",so2
TH,Bangkok,"Samsen Nai, Khet Phaya Thai",no2
TH,Bangkok,"Samsen Nai, Khet Phaya Thai",o3
TH,Bangkok,"Samsen Nai, Khet Phaya Thai",pm25
TH,Bangkok,"Samsen Nai, Khet Phaya Thai",co
TH,Bangkok,"Samsen Nai, Khet Phaya Thai",pm10
TH,Bangkok,"Pubpla, Wang Thonglang",so2
TH,Bangkok,"Pubpla, Wang Thonglang",no2
TH,Bangkok,"Pubpla, Wang Thonglang",o3
TH,Bangkok,"Pubpla, Wang Thonglang",pm25
TH,Bangkok,"Pubpla, Wang Thonglang",co
TH,Bangkok,"Pubpla, Wang Thonglang",pm10
TH,Nan,"Huai Kon, Chaloem Phra Kiat",so2
TH,Nan,"Huai Kon, Chaloem Phra Kiat",no2
TH,Nan,"Huai Kon, Chaloem Phra Kiat",o3
TH,Nan,"Huai Kon, Chaloem Phra Kiat",pm25
TH,Nan,"Huai Kon, Chaloem Phra Kiat",co
TH,Nan,"Huai Kon, Chaloem Phra Kiat",pm10
TH,Prachin Buri,"Tha Tum, Si Maha Phot",so2
TH,Prachin Buri,"Tha Tum, Si Maha Phot",no2
TH,Prachin Buri,"Tha Tum, Si Maha Phot",o3
TH,Prachin Buri,"Tha Tum, Si Maha Phot",pm25
TH,Prachin Buri,"Tha Tum, Si Maha Phot",co
TH,Prachin Buri,"Tha Tum, Si Maha Phot",pm10
TH,Kanchanaburi,"Pak Prak, Kanchanaburi",so2
TH,Kanchanaburi,"Pak Prak, Kanchanaburi",no2
TH,Kanchanaburi,"Pak Prak, Kanchanaburi",o3
TH,Kanchanaburi,"Pak Prak, Kanchanaburi",pm25
TH,Kanchanaburi,"Pak Prak, Kanchanaburi",co
TH,Kanchanaburi,"Pak Prak, Kanchanaburi",pm10
TH,Satun,"Phiman, Satun",so2
TH,Satun,"Phiman, Satun",no2
TH,Satun,"Phiman, Satun",o3
TH,Satun,"Phiman, Satun",pm25
TH,Satun,"Phiman, Satun",co
TH,Satun,"Phiman, Satun",pm10
TR,Karabük,Kardemir 1,so2
TR,Karabük,Kardemir 1,no2
TR,Karabük,Kardemir 1,o3
TR,Karabük,Kardemir 1,pm25
TR,Karabük,Kardemir 1,co
TR,Karabük,Kardemir 1,pm10
TR,Karabük,Kardemir 2,so2
TR,Karabük,Kardemir 2,no2
TR,Karabük,Kardemir 2,o3
TR,Karabük,Kardemir 2,pm25
TR,Karabük,Kardemir 2,co
TR,Karabük,Kardemir 2,pm10
TR,Muğla,Yatağan,so2
TR,Muğla,Yatağan,no2
TR,Muğla,Yatağan,o3
TR,Muğla,Yatağan,pm25
TR,Muğla,Yatağan,co
TR,Muğla,Yatağan,pm10
